t,year,dir,netpct,R,eq
2020-01-01 02:30:00+00:00,2020,1,-1.1323972114931058,-0.5661986057465529,9943.380139425346
2020-01-02 03:30:00+00:00,2020,-1,2.92,1.46,10088.553489460955
2020-01-03 04:30:00+00:00,2020,1,2.92,1.46,10235.846370407085
2020-01-09 09:45:00+00:00,2020,-1,-1.3341565042069714,-0.6670782521034857,10167.565265351377
2020-01-10 15:00:00+00:00,2020,1,2.92,1.46,10316.011718225507
2020-01-19 11:00:00+00:00,2020,-1,-1.2417759102347858,-0.6208879551173929,10251.960844018548
2020-01-22 07:15:00+00:00,2020,1,-2.08,-1.04,10145.340451240754
2020-01-23 01:30:00+00:00,2020,-1,2.92,1.46,10293.462421828868
2020-01-26 08:15:00+00:00,2020,1,2.92,1.46,10443.74697318757
2020-02-02 02:00:00+00:00,2020,-1,-2.08,-1.04,10335.132004666419
2020-02-03 01:30:00+00:00,2020,1,-2.08,-1.04,10227.646631817888
2020-02-03 15:45:00+00:00,2020,-1,-0.6197946388945307,-0.30989731944726534,10195.951429063347
2020-02-05 10:30:00+00:00,2020,1,2.92,1.46,10344.81231992767
2020-02-10 05:45:00+00:00,2020,-1,-0.5437591701066146,-0.2718795850533073,10316.686887117708
2020-02-11 15:15:00+00:00,2020,1,2.92,1.46,10467.310515669626
2020-02-15 15:45:00+00:00,2020,-1,2.92,1.46,10620.133249198401
2020-02-18 16:45:00+00:00,2020,1,2.92,1.46,10775.187194636697
2020-02-19 21:45:00+00:00,2020,-1,-1.4688932214898287,-0.7344466107449144,10696.049197484268
2020-02-23 03:45:00+00:00,2020,1,-2.08,-1.04,10584.810285830432
2020-02-24 07:00:00+00:00,2020,-1,2.92,1.46,10739.348516003556
2020-03-02 10:15:00+00:00,2020,1,2.92,1.46,10896.143004337207
2020-03-07 17:00:00+00:00,2020,-1,2.92,1.46,11055.22669220053
2020-03-15 21:45:00+00:00,2020,1,-2.08,-1.04,10940.252334601644
2020-03-16 06:00:00+00:00,2020,-1,2.92,1.46,11099.980018686827
2020-03-19 09:15:00+00:00,2020,1,2.92,1.46,11262.039726959654
2020-03-22 19:45:00+00:00,2020,-1,-2.08,-1.04,11144.914513799275
2020-03-23 12:30:00+00:00,2020,1,2.92,1.46,11307.630265700744
2020-03-27 23:30:00+00:00,2020,-1,2.92,1.46,11472.721667579974
2020-03-30 07:00:00+00:00,2020,1,2.92,1.46,11640.22340392664
2020-04-01 12:00:00+00:00,2020,-1,-2.08,-1.04,11519.165080525803
2020-04-01 22:15:00+00:00,2020,1,2.92,1.46,11687.344890701479
2020-04-10 03:45:00+00:00,2020,-1,2.92,1.46,11857.98012610572
2020-04-12 15:00:00+00:00,2020,1,-1.3479671604803989,-0.6739835802401994,11778.05928710762
2020-04-13 00:00:00+00:00,2020,-1,2.92,1.46,11950.01895269939
2020-04-14 16:30:00+00:00,2020,1,-2.08,-1.04,11825.738755591317
2020-04-15 12:00:00+00:00,2020,-1,2.92,1.46,11998.39454142295
2020-04-16 07:00:00+00:00,2020,1,2.92,1.46,12173.571101727724
2020-04-20 10:30:00+00:00,2020,-1,2.92,1.46,12351.30523981295
2020-04-22 13:15:00+00:00,2020,1,2.92,1.46,12531.634296314218
2020-05-04 01:15:00+00:00,2020,-1,-2.08,-1.04,12401.30529963255
2020-05-05 04:45:00+00:00,2020,1,-2.08,-1.04,12272.33172451637
2020-05-09 11:15:00+00:00,2020,-1,-2.08,-1.04,12144.6994745814
2020-05-13 11:45:00+00:00,2020,1,2.92,1.46,12322.012086910288
2020-05-15 20:30:00+00:00,2020,-1,-2.08,-1.04,12193.863161206422
2020-05-17 12:00:00+00:00,2020,1,-2.08,-1.04,12067.046984329876
2020-05-20 15:45:00+00:00,2020,-1,2.92,1.46,12243.225870301092
2020-05-27 10:15:00+00:00,2020,1,2.92,1.46,12421.976968007488
2020-06-02 14:45:00+00:00,2020,-1,2.92,1.46,12603.337831740397
2020-06-04 13:15:00+00:00,2020,1,-1.2489398049951506,-0.6244699024975753,12524.633780271088
2020-06-06 00:00:00+00:00,2020,-1,-0.9405958051307594,-0.4702979025653797,12465.730690298478
2020-06-07 19:45:00+00:00,2020,1,-2.08,-1.04,12336.087091119374
2020-06-11 13:15:00+00:00,2020,-1,2.92,1.46,12516.193962649717
2020-06-15 19:00:00+00:00,2020,1,-0.6788532326719364,-0.3394266163359682,12473.710668988248
2020-06-17 19:45:00+00:00,2020,-1,-2.08,-1.04,12343.98407803077
2020-06-22 04:00:00+00:00,2020,1,2.92,1.46,12524.206245570018
2020-06-24 07:45:00+00:00,2020,-1,2.92,1.46,12707.05965675534
2020-06-29 21:00:00+00:00,2020,1,-0.3348921180765218,-0.1674460590382609,12685.782186140463
2020-07-02 15:00:00+00:00,2020,-1,-0.21064813169860747,-0.10532406584930373,12672.421004557233
2020-07-04 17:30:00+00:00,2020,1,-0.9424973651071288,-0.4712486825535644,12612.702387525616
2020-07-05 06:45:00+00:00,2020,-1,-0.6540624437775343,-0.32703122188876715,12571.454912794497
2020-07-06 06:00:00+00:00,2020,1,2.92,1.46,12754.998154521296
2020-07-09 15:00:00+00:00,2020,-1,-0.09555134373329992,-0.04777567186664996,12748.904368456395
2020-07-12 22:00:00+00:00,2020,1,-1.206783241554752,-0.603391620777376,12671.978547756209
2020-07-14 04:15:00+00:00,2020,-1,0.03727465462777475,0.018637327313887377,12674.3402658753
2020-07-18 18:15:00+00:00,2020,1,-0.4921024076658819,-0.24605120383294096,12643.15489907323
2020-07-19 10:15:00+00:00,2020,-1,-0.7108162110223447,-0.35540810551117236,12598.220101769592
2020-07-19 22:30:00+00:00,2020,1,2.92,1.46,12782.154115255427
2020-08-02 04:30:00+00:00,2020,-1,-2.08,-1.04,12649.219712456772
2020-08-05 09:45:00+00:00,2020,1,2.92,1.46,12833.89832025864
2020-08-07 17:30:00+00:00,2020,-1,-2.08,-1.04,12700.42577772795
2020-08-08 12:00:00+00:00,2020,1,-2.08,-1.04,12568.34134963958
2020-08-09 17:45:00+00:00,2020,-1,-2.08,-1.04,12437.63059960333
2020-08-10 01:45:00+00:00,2020,1,1.0707282017743758,0.5353641008871879,12504.217208834567
2020-08-10 10:15:00+00:00,2020,-1,-2.08,-1.04,12374.173349862687
2020-08-10 13:45:00+00:00,2020,1,-2.08,-1.04,12245.481947024116
2020-08-11 13:00:00+00:00,2020,-1,2.92,1.46,12424.265983450669
2020-08-13 21:30:00+00:00,2020,1,2.92,1.46,12605.660266809047
2020-08-18 14:15:00+00:00,2020,-1,2.92,1.46,12789.702906704459
2020-08-24 06:30:00+00:00,2020,1,-0.7007643678013963,-0.35038218390069814,12744.890066345537
2020-08-25 06:15:00+00:00,2020,-1,2.92,1.46,12930.965461314181
2020-08-27 13:15:00+00:00,2020,1,-1.3155309293969886,-0.6577654646984943,12845.910036257566
2020-08-27 14:00:00+00:00,2020,-1,-1.9338551841761342,-0.9669275920880671,12721.699387662182
2020-08-28 15:30:00+00:00,2020,1,2.92,1.46,12907.436198722049
2020-09-02 10:15:00+00:00,2020,-1,2.92,1.46,13095.88476722339
2020-09-07 22:45:00+00:00,2020,1,-2.08,-1.04,12959.687565644266
2020-09-08 09:45:00+00:00,2020,-1,-2.08,-1.04,12824.906814961567
2020-09-09 18:30:00+00:00,2020,1,0.17827565918838945,0.08913782959419472,12836.3386585439
2020-09-13 11:45:00+00:00,2020,-1,-0.790098609737364,-0.395049304868682,12785.628791902733
2020-09-14 08:00:00+00:00,2020,1,2.92,1.46,12972.298972264512
2020-09-20 12:15:00+00:00,2020,-1,2.92,1.46,13161.694537259573
2020-09-24 15:45:00+00:00,2020,1,2.92,1.46,13353.855277503562
2020-09-28 23:45:00+00:00,2020,-1,-1.286384540918215,-0.6431922704591075,13267.964312550364
2020-09-29 23:15:00+00:00,2020,1,-1.3580981913670054,-0.6790490956835027,13177.86832087038
2020-09-30 09:00:00+00:00,2020,-1,-1.3762220531977487,-0.6881110265988744,13087.189955883792
2020-10-01 01:45:00+00:00,2020,1,0.21843637065187776,0.10921818532593888,13101.483547263768
2020-10-01 15:45:00+00:00,2020,-1,2.92,1.46,13292.765207053819
2020-10-04 19:00:00+00:00,2020,1,0.653836021654355,0.3269180108271775,13336.221650652647
2020-10-06 18:45:00+00:00,2020,-1,-0.41951243447778447,-0.20975621723889223,13308.248096595646
2020-10-08 13:00:00+00:00,2020,1,2.92,1.46,13502.548518805941
2020-10-12 10:30:00+00:00,2020,-1,-0.6943634489792493,-0.34718172448962464,13455.670138008303
2020-10-12 13:30:00+00:00,2020,1,-0.4967258856083045,-0.24836294280415225,13422.251239679526
2020-10-13 14:00:00+00:00,2020,-1,-0.8442051603726551,-0.42210258018632757,13365.59557087775
2020-10-14 13:30:00+00:00,2020,1,-1.1489481088342446,-0.5744740544171223,13288.813692104733
2020-10-14 15:45:00+00:00,2020,-1,-1.345038900829607,-0.6725194504148035,13199.443835295944
2020-10-15 19:00:00+00:00,2020,1,-1.3397492503252706,-0.6698746251626353,13111.024110380702
2020-10-16 04:15:00+00:00,2020,-1,-1.1300349419661382,-0.5650174709830691,13036.944533532249
2020-10-18 06:30:00+00:00,2020,1,2.92,1.46,13227.28392372182
2020-10-26 16:30:00+00:00,2020,-1,-2.08,-1.04,13089.720170915112
2020-10-27 10:15:00+00:00,2020,1,2.92,1.46,13280.830085410473
2020-10-28 12:30:00+00:00,2020,-1,-1.761639286216874,-0.880819643108437,13163.849925250322
2020-10-29 16:15:00+00:00,2020,1,-2.08,-1.04,13026.94588602772
2020-10-30 07:00:00+00:00,2020,-1,-2.08,-1.04,12891.465648813031
2020-10-30 20:15:00+00:00,2020,1,2.92,1.46,13079.681047285701
2020-11-02 08:30:00+00:00,2020,-1,-1.0910648170696735,-0.5455324085348368,13008.32714823977
2020-11-03 14:45:00+00:00,2020,1,2.92,1.46,13198.248724604071
2020-11-07 18:45:00+00:00,2020,-1,2.92,1.46,13390.94315598329
2020-11-08 15:00:00+00:00,2020,1,-2.08,-1.04,13251.677347161065
2020-11-09 15:00:00+00:00,2020,-1,-2.08,-1.04,13113.85990275059
2020-11-11 10:45:00+00:00,2020,1,2.92,1.46,13305.322257330748
2020-11-14 08:15:00+00:00,2020,-1,-1.477297470897252,-0.738648735448626,13207.042662729611
2020-11-16 06:00:00+00:00,2020,1,2.92,1.46,13399.865485605462
2020-11-22 10:30:00+00:00,2020,-1,2.92,1.46,13595.5035216953
2020-11-23 10:15:00+00:00,2020,1,-2.08,-1.04,13454.11028506967
2020-11-26 02:15:00+00:00,2020,-1,2.92,1.46,13650.540295231685
2020-11-28 16:00:00+00:00,2020,1,2.92,1.46,13849.838183542068
2020-12-01 13:00:00+00:00,2020,-1,-2.08,-1.04,13705.79986643323
2020-12-01 15:15:00+00:00,2020,1,-2.08,-1.04,13563.259547822325
2020-12-02 04:15:00+00:00,2020,-1,-2.08,-1.04,13422.201648524973
2020-12-03 08:15:00+00:00,2020,1,-2.08,-1.04,13282.610751380314
2020-12-04 11:45:00+00:00,2020,-1,-2.08,-1.04,13144.471599565959
2020-12-06 01:15:00+00:00,2020,1,-2.08,-1.04,13007.769094930474
2020-12-07 18:30:00+00:00,2020,-1,2.92,1.46,13197.682523716458
2020-12-12 09:00:00+00:00,2020,1,2.92,1.46,13390.368688562718
2020-12-21 10:15:00+00:00,2020,-1,2.92,1.46,13585.868071415733
2020-12-22 22:45:00+00:00,2020,1,-2.08,-1.04,13444.575043473009
2020-12-24 02:45:00+00:00,2020,-1,-2.08,-1.04,13304.75146302089
2020-12-25 08:00:00+00:00,2020,1,2.92,1.46,13499.000834380993
2021-01-04 09:30:00+00:00,2021,-1,2.92,1.46,13696.086246562954
2021-01-05 18:00:00+00:00,2021,1,2.92,1.46,13896.049105762773
2021-01-10 17:15:00+00:00,2021,-1,2.92,1.46,14098.93142270691
2021-01-13 20:00:00+00:00,2021,1,2.92,1.46,14304.77582147843
2021-01-15 15:00:00+00:00,2021,-1,2.92,1.46,14513.625548472015
2021-01-18 12:00:00+00:00,2021,1,-2.08,-1.04,14362.683842767907
2021-01-20 03:15:00+00:00,2021,-1,2.92,1.46,14572.379026872317
2021-01-25 03:30:00+00:00,2021,1,2.92,1.46,14785.135760664652
2021-01-25 22:15:00+00:00,2021,-1,-2.08,-1.04,14631.37034875374
2021-01-28 16:45:00+00:00,2021,1,2.92,1.46,14844.988355845544
2021-01-31 15:30:00+00:00,2021,-1,-2.08,-1.04,14690.60047694475
2021-02-01 08:45:00+00:00,2021,1,-2.08,-1.04,14537.818231984525
2021-02-07 15:15:00+00:00,2021,-1,-2.08,-1.04,14386.624922371888
2021-02-08 12:30:00+00:00,2021,1,2.92,1.46,14596.669646238517
2021-02-15 02:15:00+00:00,2021,-1,-2.08,-1.04,14444.864281917637
2021-02-16 03:15:00+00:00,2021,1,-2.08,-1.04,14294.637693385694
2021-02-22 09:45:00+00:00,2021,-1,2.92,1.46,14503.339403709124
2021-03-01 09:00:00+00:00,2021,1,2.92,1.46,14715.088159003277
2021-03-04 18:00:00+00:00,2021,-1,2.92,1.46,14929.928446124724
2021-03-07 01:30:00+00:00,2021,1,2.92,1.46,15147.905401438145
2021-03-15 07:00:00+00:00,2021,-1,2.92,1.46,15369.064820299142
2021-03-17 18:30:00+00:00,2021,1,2.92,1.46,15593.453166675508
2021-03-21 04:15:00+00:00,2021,-1,2.92,1.46,15821.11758290897
2021-03-24 09:00:00+00:00,2021,1,-2.08,-1.04,15656.577960046718
2021-03-24 20:00:00+00:00,2021,-1,2.92,1.46,15885.163998263399
2021-03-26 21:30:00+00:00,2021,1,2.92,1.46,16117.087392638043
2021-04-03 17:45:00+00:00,2021,-1,2.92,1.46,16352.396868570557
2021-04-05 14:15:00+00:00,2021,1,-1.0489110166026028,-0.5244555083013014,16266.635822454049
2021-04-06 14:15:00+00:00,2021,-1,2.92,1.46,16504.128705461877
2021-04-09 00:00:00+00:00,2021,1,2.92,1.46,16745.08898456162
2021-04-16 04:45:00+00:00,2021,-1,2.92,1.46,16989.567283736218
2021-04-26 01:30:00+00:00,2021,1,2.92,1.46,17237.614966078767
2021-04-29 16:45:00+00:00,2021,-1,-2.08,-1.04,17058.343770431547
2021-04-30 09:00:00+00:00,2021,1,2.92,1.46,17307.395589479846
2021-05-03 21:00:00+00:00,2021,-1,2.92,1.46,17560.08356508625
2021-05-05 14:45:00+00:00,2021,1,-2.08,-1.04,17377.458696009355
2021-05-09 12:15:00+00:00,2021,-1,-2.08,-1.04,17196.73312557086
2021-05-10 00:45:00+00:00,2021,1,-2.08,-1.04,17017.887101064924
2021-05-10 14:45:00+00:00,2021,-1,-2.08,-1.04,16840.90107521385
2021-05-12 03:45:00+00:00,2021,1,-2.08,-1.04,16665.755704031624
2021-05-12 15:15:00+00:00,2021,-1,2.92,1.46,16909.075737310486
2021-05-24 11:30:00+00:00,2021,1,-2.08,-1.04,16733.22134964246
2021-05-27 03:00:00+00:00,2021,-1,-2.08,-1.04,16559.195847606177
2021-05-27 11:45:00+00:00,2021,1,-2.08,-1.04,16386.980210791073
2021-05-28 04:30:00+00:00,2021,-1,2.92,1.46,16626.230121868623
2021-05-31 10:00:00+00:00,2021,1,2.92,1.46,16868.973081647902
2021-06-04 05:00:00+00:00,2021,-1,2.92,1.46,17115.26008863996
2021-06-09 11:45:00+00:00,2021,1,2.92,1.46,17365.142885934103
2021-06-12 02:45:00+00:00,2021,-1,-2.08,-1.04,17184.54539992039
2021-06-13 16:15:00+00:00,2021,1,2.92,1.46,17435.439762759226
2021-06-16 12:15:00+00:00,2021,-1,2.92,1.46,17689.99718329551
2021-06-23 01:00:00+00:00,2021,1,-2.08,-1.04,17506.021212589236
2021-06-25 13:00:00+00:00,2021,-1,2.92,1.46,17761.609122293037
2021-06-27 05:15:00+00:00,2021,1,-2.08,-1.04,17576.88838742119
2021-06-30 15:15:00+00:00,2021,-1,-2.08,-1.04,17394.08874819201
2021-07-03 07:30:00+00:00,2021,1,2.92,1.46,17648.042443915612
2021-07-05 03:45:00+00:00,2021,-1,2.92,1.46,17905.70386359678
2021-07-06 07:45:00+00:00,2021,1,-2.08,-1.04,17719.484543415376
2021-07-06 17:00:00+00:00,2021,-1,-2.08,-1.04,17535.201904163856
2021-07-07 05:15:00+00:00,2021,1,-2.08,-1.04,17352.83580436055
2021-07-07 23:00:00+00:00,2021,-1,2.92,1.46,17606.187207104213
2021-07-09 21:30:00+00:00,2021,1,-2.08,-1.04,17423.08286015033
2021-07-12 13:15:00+00:00,2021,-1,2.92,1.46,17677.459869908525
2021-07-18 01:15:00+00:00,2021,1,-1.6631239533591335,-0.8315619766795668,17530.46083518758
2021-07-18 14:30:00+00:00,2021,-1,2.92,1.46,17786.40556338132
2021-07-21 06:00:00+00:00,2021,1,2.92,1.46,18046.087084606686
2021-07-30 08:45:00+00:00,2021,-1,-2.08,-1.04,17858.407778926776
2021-07-30 20:00:00+00:00,2021,1,2.92,1.46,18119.140532499106
2021-08-01 22:30:00+00:00,2021,-1,2.92,1.46,18383.679984273593
2021-08-04 15:00:00+00:00,2021,1,-2.08,-1.04,18192.48971243715
2021-08-05 09:15:00+00:00,2021,-1,-2.08,-1.04,18003.287819427802
2021-08-05 16:45:00+00:00,2021,1,2.92,1.46,18266.135821591448
2021-08-12 06:00:00+00:00,2021,-1,-1.208321760859441,-0.6041608804297205,18155.778974591234
2021-08-13 06:30:00+00:00,2021,1,2.92,1.46,18420.853347620265
2021-08-15 07:45:00+00:00,2021,-1,-2.08,-1.04,18229.276472805013
2021-08-15 22:15:00+00:00,2021,1,-2.08,-1.04,18039.69199748784
2021-08-16 14:45:00+00:00,2021,-1,-2.08,-1.04,17852.079200713968
2021-08-19 18:15:00+00:00,2021,1,2.92,1.46,18112.71955704439
2021-08-24 13:30:00+00:00,2021,-1,2.92,1.46,18377.165262577237
2021-08-26 00:45:00+00:00,2021,1,-2.08,-1.04,18186.042743846436
2021-08-26 03:45:00+00:00,2021,-1,2.92,1.46,18451.558967906592
2021-08-27 15:00:00+00:00,2021,1,-0.6577334924352395,-0.32886674621761974,18390.87792630241
2021-08-30 03:30:00+00:00,2021,-1,2.92,1.46,18659.384744026425
2021-09-01 16:30:00+00:00,2021,1,2.92,1.46,18931.81176128921
2021-09-07 09:30:00+00:00,2021,-1,2.92,1.46,19208.21621300403
2021-09-12 23:00:00+00:00,2021,1,-2.08,-1.04,19008.45076438879
2021-09-13 02:45:00+00:00,2021,-1,0.4907869145182398,0.2453934572591199,19055.096258890917
2021-09-13 13:30:00+00:00,2021,1,-0.4012587817210677,-0.20062939086053386,19016.866135338816
2021-09-13 14:00:00+00:00,2021,-1,-2.08,-1.04,18819.090727531293
2021-09-14 08:30:00+00:00,2021,1,2.92,1.46,19093.84945215325
2021-09-17 18:00:00+00:00,2021,-1,-2.08,-1.04,18895.273417850854
2021-09-18 04:15:00+00:00,2021,1,-0.9260708619689949,-0.46303543098449745,18807.78160714481
2021-09-19 11:45:00+00:00,2021,-1,2.92,1.46,19082.375218609122
2021-09-23 03:15:00+00:00,2021,1,-1.5332691987037772,-0.7666345993518886,18936.083127805116
2021-09-24 09:15:00+00:00,2021,-1,2.92,1.46,19212.54994147107
2021-09-26 20:15:00+00:00,2021,1,-2.08,-1.04,19012.73942207977
2021-09-27 23:30:00+00:00,2021,-1,2.92,1.46,19290.325417642132
2021-09-30 01:00:00+00:00,2021,1,2.92,1.46,19571.964168739705
2021-10-12 17:15:00+00:00,2021,-1,2.92,1.46,19857.714845603303
2021-10-13 16:30:00+00:00,2021,1,2.92,1.46,20147.63748234911
2021-10-17 20:00:00+00:00,2021,-1,-2.08,-1.04,19938.10205253268
2021-10-18 00:15:00+00:00,2021,1,-2.08,-1.04,19730.74579118634
2021-10-21 15:15:00+00:00,2021,-1,-2.08,-1.04,19525.546034958003
2021-10-25 01:00:00+00:00,2021,1,-0.27496490615593666,-0.13748245307796833,19498.701835292275
2021-10-26 21:30:00+00:00,2021,-1,2.92,1.46,19783.382882087542
2021-10-28 09:45:00+00:00,2021,1,-0.15602211189229326,-0.07801105594614663,19767.949656199355
2021-10-28 18:30:00+00:00,2021,-1,-2.08,-1.04,19562.362979774884
2021-10-28 20:00:00+00:00,2021,1,-2.08,-1.04,19358.914404785224
2021-10-31 09:00:00+00:00,2021,-1,-0.25712360040136323,-0.12856180020068161,19334.026235927126
2021-11-01 07:00:00+00:00,2021,1,-2.08,-1.04,19132.952363073484
2021-11-04 08:45:00+00:00,2021,-1,0.26154701143932485,0.13077350571966243,19157.97319562635
2021-11-07 00:45:00+00:00,2021,1,2.92,1.46,19437.679604282494
2021-11-10 21:00:00+00:00,2021,-1,2.92,1.46,19721.469726505016
2021-11-14 00:15:00+00:00,2021,1,-2.08,-1.04,19516.366441349364
2021-11-15 16:00:00+00:00,2021,-1,2.92,1.46,19801.305391393063
2021-11-20 18:15:00+00:00,2021,1,-1.3514741236746652,-0.6757370618373326,19667.500632135827
2021-11-22 00:00:00+00:00,2021,-1,-2.08,-1.04,19462.958625561616
2021-11-25 00:30:00+00:00,2021,1,-0.9055401183228761,-0.45277005916143803,19374.836176278095
2021-11-26 07:30:00+00:00,2021,-1,2.92,1.46,19657.708784451755
2021-11-28 21:15:00+00:00,2021,1,2.92,1.46,19944.711332704752
2021-12-02 03:00:00+00:00,2021,-1,-2.08,-1.04,19737.286334844623
2021-12-06 22:00:00+00:00,2021,1,-0.747598592296259,-0.3737992961481295,19663.508497446233
2021-12-08 10:30:00+00:00,2021,-1,-2.08,-1.04,19459.008009072793
2021-12-12 00:15:00+00:00,2021,1,-2.08,-1.04,19256.634325778436
2021-12-13 14:00:00+00:00,2021,-1,2.92,1.46,19537.7811869348
2021-12-15 19:00:00+00:00,2021,1,-2.08,-1.04,19334.588262590678
2021-12-17 06:45:00+00:00,2021,-1,2.92,1.46,19616.8732512245
2021-12-19 03:15:00+00:00,2021,1,-2.08,-1.04,19412.857769411767
2021-12-20 09:00:00+00:00,2021,-1,-2.08,-1.04,19210.964048609883
2021-12-21 03:45:00+00:00,2021,1,2.92,1.46,19491.444123719586
2021-12-26 03:00:00+00:00,2021,-1,-1.075680273261268,-0.537840136630634,19386.61131401329
2021-12-26 21:30:00+00:00,2021,1,-1.0217455145438015,-0.5108727572719007,19287.570398251806
2021-12-28 00:30:00+00:00,2021,-1,2.92,1.46,19569.168926066282
2021-12-31 08:30:00+00:00,2021,1,-2.08,-1.04,19365.649569235193
2021-12-31 17:15:00+00:00,2021,-1,-0.843952582371008,-0.421976291185504,19283.931119418954
2022-01-01 17:30:00+00:00,2022,1,-2.08,-1.04,19083.378235776996
2022-01-03 16:15:00+00:00,2022,-1,-1.5123966209732975,-0.7561983104866488,18939.070051974275
2022-01-04 14:45:00+00:00,2022,1,-1.8429322108677737,-0.9214661054338869,18764.55294076095
2022-01-04 18:30:00+00:00,2022,-1,-2.08,-1.04,18569.401590177036
2022-01-09 19:15:00+00:00,2022,1,-2.08,-1.04,18376.279813639198
2022-01-10 12:30:00+00:00,2022,-1,2.92,1.46,18644.57349891833
2022-01-11 16:30:00+00:00,2022,1,2.92,1.46,18916.784272002536
2022-01-13 20:00:00+00:00,2022,-1,-2.08,-1.04,18720.04971557371
2022-01-15 19:45:00+00:00,2022,1,-1.3088016258648616,-0.6544008129324308,18597.54555805364
2022-01-16 13:15:00+00:00,2022,-1,-2.08,-1.04,18404.131084249882
2022-01-20 14:00:00+00:00,2022,1,-2.08,-1.04,18212.728120973683
2022-01-20 21:45:00+00:00,2022,-1,2.92,1.46,18478.633951539898
2022-01-24 20:30:00+00:00,2022,1,2.92,1.46,18748.42200723238
2022-01-27 01:45:00+00:00,2022,-1,-2.08,-1.04,18553.438418357164
2022-01-28 20:30:00+00:00,2022,1,2.92,1.46,18824.318619265177
2022-01-31 00:30:00+00:00,2022,-1,-2.08,-1.04,18628.54570562482
2022-01-31 16:45:00+00:00,2022,1,-0.039117203094560724,-0.019558601547280362,18624.902222596204
2022-02-02 14:30:00+00:00,2022,-1,2.92,1.46,18896.82579504611
2022-02-04 06:00:00+00:00,2022,1,2.92,1.46,19172.719451653782
2022-02-11 00:15:00+00:00,2022,-1,-2.08,-1.04,18973.323169356583
2022-02-15 01:30:00+00:00,2022,1,2.92,1.46,19250.333687629187
2022-02-17 09:15:00+00:00,2022,-1,2.92,1.46,19531.38855946857
2022-02-23 08:15:00+00:00,2022,1,-2.08,-1.04,19328.262118450097
2022-02-23 21:30:00+00:00,2022,-1,2.92,1.46,19610.454745379466
2022-02-24 20:00:00+00:00,2022,1,-2.08,-1.04,19406.50601602752
2022-02-27 19:45:00+00:00,2022,-1,-2.08,-1.04,19204.678353460837
2022-02-28 14:30:00+00:00,2022,1,2.92,1.46,19485.066657421365
2022-03-03 15:30:00+00:00,2022,-1,2.92,1.46,19769.548630619716
2022-03-09 03:00:00+00:00,2022,1,2.92,1.46,20058.184040626762
2022-03-10 04:30:00+00:00,2022,-1,2.92,1.46,20351.03352761991
2022-03-14 23:00:00+00:00,2022,1,-2.08,-1.04,20139.382778932664
2022-03-15 07:00:00+00:00,2022,-1,-2.08,-1.04,19929.933198031766
2022-03-15 19:00:00+00:00,2022,1,2.92,1.46,20220.91022272303
2022-03-20 17:30:00+00:00,2022,-1,-1.3955463492434017,-0.6977731746217009,20079.81413552453
2022-03-22 02:15:00+00:00,2022,1,2.92,1.46,20372.97942190319
2022-03-31 14:00:00+00:00,2022,-1,2.92,1.46,20670.424921462974
2022-04-01 15:30:00+00:00,2022,1,-2.08,-1.04,20455.45250227976
2022-04-03 01:15:00+00:00,2022,-1,-2.08,-1.04,20242.715796256052
2022-04-03 21:45:00+00:00,2022,1,-2.08,-1.04,20032.19155197499
2022-04-04 15:00:00+00:00,2022,-1,-2.08,-1.04,19823.85675983445
2022-04-04 23:15:00+00:00,2022,1,-2.08,-1.04,19617.68864953217
2022-04-05 14:30:00+00:00,2022,-1,2.92,1.46,19904.10690381534
2022-04-10 17:30:00+00:00,2022,1,-1.4336802312652752,-0.7168401156326376,19761.426280870386
2022-04-10 22:15:00+00:00,2022,-1,2.92,1.46,20049.94310457109
2022-04-13 15:15:00+00:00,2022,1,-2.08,-1.04,19841.423696283553
2022-04-14 15:30:00+00:00,2022,-1,-2.08,-1.04,19635.072889842206
2022-04-18 18:00:00+00:00,2022,1,2.92,1.46,19921.7449540339
2022-04-21 20:30:00+00:00,2022,-1,2.92,1.46,20212.602430362793
2022-04-25 18:45:00+00:00,2022,1,-1.159638381345116,-0.579819190672558,20095.4058825372
2022-04-26 14:45:00+00:00,2022,-1,2.92,1.46,20388.79880842224
2022-04-28 09:00:00+00:00,2022,1,-2.08,-1.04,20176.75530081465
2022-04-29 10:45:00+00:00,2022,-1,2.92,1.46,20471.335928206543
2022-05-02 04:45:00+00:00,2022,1,-2.08,-1.04,20258.434034553196
2022-05-03 18:00:00+00:00,2022,-1,-1.9185378490588967,-0.9592689245294483,20064.101172263432
2022-05-04 07:45:00+00:00,2022,1,2.92,1.46,20357.037049378476
2022-05-05 14:15:00+00:00,2022,-1,2.92,1.46,20654.2497902994
2022-05-15 12:00:00+00:00,2022,1,2.92,1.46,20955.80183723777
2022-05-16 06:15:00+00:00,2022,-1,-2.08,-1.04,20737.861498130496
2022-05-17 08:30:00+00:00,2022,1,-2.08,-1.04,20522.18773854994
2022-05-18 12:45:00+00:00,2022,-1,2.92,1.46,20821.811679532766
2022-05-19 15:15:00+00:00,2022,1,-2.08,-1.04,20605.264838065625
2022-05-20 15:00:00+00:00,2022,-1,-0.7129931972788971,-0.35649659863944855,20531.80776977727
2022-05-22 09:30:00+00:00,2022,1,-0.45360606576133383,-0.22680303288066692,20485.24100705019
2022-05-23 19:00:00+00:00,2022,-1,2.92,1.46,20784.32552575312
2022-05-25 02:15:00+00:00,2022,1,-2.08,-1.04,20568.16854028529
2022-05-26 08:15:00+00:00,2022,-1,2.92,1.46,20868.46380097345
2022-05-29 12:00:00+00:00,2022,1,2.92,1.46,21173.143372467664
2022-06-01 15:15:00+00:00,2022,-1,2.92,1.46,21482.27126570569
2022-06-05 20:00:00+00:00,2022,1,2.92,1.46,21795.912426184994
2022-06-07 00:30:00+00:00,2022,-1,2.92,1.46,22114.132747607295
2022-06-07 19:30:00+00:00,2022,1,-2.08,-1.04,21884.14576703218
2022-06-08 03:30:00+00:00,2022,-1,-2.08,-1.04,21656.550651055048
2022-06-19 18:45:00+00:00,2022,1,-2.08,-1.04,21431.322524284074
2022-06-22 06:15:00+00:00,2022,-1,-2.08,-1.04,21208.43677003152
2022-06-23 19:45:00+00:00,2022,1,2.92,1.46,21518.07994687398
2022-06-27 13:30:00+00:00,2022,-1,2.92,1.46,21832.243914098337
2022-07-01 00:15:00+00:00,2022,1,-2.08,-1.04,21605.188577391717
2022-07-01 10:30:00+00:00,2022,-1,-2.08,-1.04,21380.494616186843
2022-07-03 19:45:00+00:00,2022,1,-2.08,-1.04,21158.1374721785
2022-07-05 12:45:00+00:00,2022,-1,-2.08,-1.04,20938.092842467842
2022-07-05 18:45:00+00:00,2022,1,2.92,1.46,21243.788997967873
2022-07-10 13:30:00+00:00,2022,-1,2.92,1.46,21553.948317338203
2022-07-13 23:45:00+00:00,2022,1,-2.08,-1.04,21329.787254837887
2022-07-21 14:15:00+00:00,2022,-1,-2.08,-1.04,21107.957467387572
2022-07-22 09:15:00+00:00,2022,1,-2.08,-1.04,20888.434709726742
2022-07-22 19:30:00+00:00,2022,-1,2.92,1.46,21193.405856488753
2022-07-27 16:15:00+00:00,2022,1,2.92,1.46,21502.829581993486
2022-07-31 22:00:00+00:00,2022,-1,2.92,1.46,21816.77089389059
2022-08-03 10:00:00+00:00,2022,1,-2.08,-1.04,21589.876476594127
2022-08-03 23:00:00+00:00,2022,-1,-2.08,-1.04,21365.34176123755
2022-08-05 06:00:00+00:00,2022,1,-2.08,-1.04,21143.14220692068
2022-08-07 00:45:00+00:00,2022,-1,-1.6533195775337495,-0.8266597887668747,20968.36035221427
2022-08-07 18:00:00+00:00,2022,1,2.92,1.46,21274.498413356596
2022-08-09 10:15:00+00:00,2022,-1,2.92,1.46,21585.106090191603
2022-08-10 12:30:00+00:00,2022,1,2.92,1.46,21900.2486391084
2022-08-15 06:45:00+00:00,2022,-1,-0.9233045598149169,-0.46165227990745844,21799.145641960553
2022-08-17 06:15:00+00:00,2022,1,-2.08,-1.04,21572.434527284164
2022-08-17 07:45:00+00:00,2022,-1,2.92,1.46,21887.39207138251
2022-08-23 14:00:00+00:00,2022,1,-2.08,-1.04,21659.763193840132
2022-08-26 11:00:00+00:00,2022,-1,-2.08,-1.04,21434.501656624194
2022-08-26 13:00:00+00:00,2022,1,-2.08,-1.04,21211.5828393953
2022-08-26 14:45:00+00:00,2022,-1,2.92,1.46,21521.271948850474
2022-08-29 14:15:00+00:00,2022,1,-0.9990188586219672,-0.4995094293109836,21413.771166158305
2022-08-30 14:30:00+00:00,2022,-1,-2.08,-1.04,21191.06794603026
2022-08-31 02:30:00+00:00,2022,1,-2.08,-1.04,20970.680839391545
2022-09-01 14:45:00+00:00,2022,-1,-2.08,-1.04,20752.585758661873
2022-09-02 13:00:00+00:00,2022,1,-2.08,-1.04,20536.75886677179
2022-09-02 17:45:00+00:00,2022,-1,-0.6211468675630359,-0.31057343378151797,20472.977149571827
2022-09-06 00:30:00+00:00,2022,1,-1.3989010824188108,-0.6994505412094054,20329.77880009747
2022-09-06 17:00:00+00:00,2022,-1,2.92,1.46,20626.59357057889
2022-09-09 03:15:00+00:00,2022,1,2.92,1.46,20927.74183670934
2022-09-13 12:30:00+00:00,2022,-1,2.92,1.46,21233.286867525298
2022-09-17 16:30:00+00:00,2022,1,-2.08,-1.04,21012.460684103036
2022-09-18 16:00:00+00:00,2022,-1,2.92,1.46,21319.24261009094
2022-09-21 14:15:00+00:00,2022,1,-2.08,-1.04,21097.522486945996
2022-09-21 21:00:00+00:00,2022,-1,-2.08,-1.04,20878.10825308176
2022-09-22 19:30:00+00:00,2022,1,-2.08,-1.04,20660.97592724971
2022-09-23 13:45:00+00:00,2022,-1,-2.08,-1.04,20446.101777606313
2022-09-23 23:00:00+00:00,2022,1,-2.08,-1.04,20233.462319119208
2022-09-25 21:30:00+00:00,2022,-1,-1.6010683124069036,-0.8005341562034518,20071.486542272105
2022-09-26 08:30:00+00:00,2022,1,2.92,1.46,20364.530245789276
2022-09-27 16:45:00+00:00,2022,-1,2.92,1.46,20661.8523873778
2022-09-28 16:00:00+00:00,2022,1,-2.08,-1.04,20446.96912254907
2022-09-29 13:45:00+00:00,2022,-1,-2.08,-1.04,20234.32064367456
2022-09-30 14:30:00+00:00,2022,1,-2.08,-1.04,20023.883708980346
2022-10-02 10:15:00+00:00,2022,-1,-2.08,-1.04,19815.635318406952
2022-10-03 15:00:00+00:00,2022,1,2.92,1.46,20104.943594055694
2022-10-07 06:15:00+00:00,2022,-1,2.92,1.46,20398.475770528905
2022-10-13 18:45:00+00:00,2022,1,-1.5535432016074968,-0.7767716008037484,20240.026203746602
2022-10-15 08:45:00+00:00,2022,-1,-0.5936114914669143,-0.29680574573345714,20179.952643035926
2022-10-16 19:30:00+00:00,2022,1,0.2402806465633312,0.1201403232816656,20204.196903379358
2022-10-18 18:30:00+00:00,2022,-1,2.92,1.46,20499.178178168695
2022-10-23 17:45:00+00:00,2022,1,2.92,1.46,20798.466179569958
2022-10-28 07:30:00+00:00,2022,-1,-2.08,-1.04,20582.16213130243
2022-10-28 16:15:00+00:00,2022,1,-0.4362168318511194,-0.2181084159255597,20537.270703514616
2022-10-31 01:30:00+00:00,2022,-1,-0.8881459548728187,-0.44407297743640933,20446.070234017345
2022-11-02 18:15:00+00:00,2022,1,-1.115021858503582,-0.557510929251791,20332.0811578602
2022-11-02 19:15:00+00:00,2022,-1,-1.0041879396190811,-0.5020939698095406,20229.995004429802
2022-11-04 06:00:00+00:00,2022,1,2.92,1.46,20525.352931494475
2022-11-06 23:00:00+00:00,2022,-1,2.92,1.46,20825.023084294295
2022-11-14 13:00:00+00:00,2022,1,-2.08,-1.04,20608.442844217636
2022-11-14 19:45:00+00:00,2022,-1,-2.08,-1.04,20394.115038637774
2022-11-15 08:15:00+00:00,2022,1,-2.08,-1.04,20182.016242235943
2022-11-16 13:45:00+00:00,2022,-1,-1.1530081793395963,-0.5765040896697982,20065.66609322163
2022-11-18 00:00:00+00:00,2022,1,-1.4814418223494363,-0.7407209111747182,19917.035508502642
2022-11-20 11:30:00+00:00,2022,-1,2.92,1.46,20207.82422692678
2022-11-23 02:15:00+00:00,2022,1,0.21266096352993374,0.10633048176496687,20229.311303781487
2022-11-26 22:30:00+00:00,2022,-1,-0.13483157567671705,-0.06741578783835853,20215.67355419177
2022-11-29 05:00:00+00:00,2022,1,2.92,1.46,20510.82238808297
2022-12-05 19:15:00+00:00,2022,-1,-0.3660790618498088,-0.1830395309249044,20473.279474994983
2022-12-08 18:15:00+00:00,2022,1,0.4386557290288496,0.2193278645144248,20518.18308166356
2022-12-11 23:30:00+00:00,2022,-1,-0.03372024768456321,-0.016860123842281603,20514.723690585804
2022-12-12 20:45:00+00:00,2022,1,2.92,1.46,20814.238656468355
2022-12-15 13:30:00+00:00,2022,-1,2.92,1.46,21118.12654085279
2022-12-20 06:45:00+00:00,2022,1,-0.5054156120399699,-0.25270780601998494,21064.75938659888
2022-12-22 14:30:00+00:00,2022,-1,-1.0486333039626627,-0.5243166519813314,20954.31334543514
2022-12-23 03:00:00+00:00,2022,1,-0.6927480029392784,-0.3463740014696392,20881.73305182007
2022-12-25 19:00:00+00:00,2022,-1,-0.6935958027182031,-0.34679790135910155,20809.315639828947
2022-12-26 02:15:00+00:00,2022,1,-0.5065402843601884,-0.2532701421800942,20756.611856521245
2022-12-27 14:30:00+00:00,2022,-1,0.9520711181068476,0.4760355590534238,20855.420709812985
2023-01-01 19:15:00+00:00,2023,1,0.8042313086502962,0.4021156543251481,20939.28362126251
2023-01-06 11:00:00+00:00,2023,-1,-0.7208227375612973,-0.36041136878064867,20863.816062550257
2023-01-06 19:30:00+00:00,2023,1,2.92,1.46,21168.42777706349
2023-01-18 16:00:00+00:00,2023,-1,-1.4371237022564243,-0.7185618511282121,21016.319530573885
2023-01-20 16:15:00+00:00,2023,1,2.92,1.46,21323.15779572026
2023-01-24 23:30:00+00:00,2023,-1,-1.7852569168211518,-0.8926284584105759,21132.82122100387
2023-01-25 21:30:00+00:00,2023,1,-1.6082940933498469,-0.8041470466749234,20962.882263276075
2023-01-27 01:30:00+00:00,2023,-1,-2.08,-1.04,20744.868287738005
2023-01-27 19:45:00+00:00,2023,1,2.92,1.46,21047.74336473898
2023-01-30 09:30:00+00:00,2023,-1,2.92,1.46,21355.04041786417
2023-02-01 19:45:00+00:00,2023,1,2.92,1.46,21666.824007964984
2023-02-05 12:45:00+00:00,2023,-1,0.6233618017115662,0.3116809008557831,21734.355360219844
2023-02-07 17:45:00+00:00,2023,1,-0.6053887791047295,-0.3026943895523648,21668.566685939088
2023-02-07 18:15:00+00:00,2023,-1,-2.08,-1.04,21443.213592405322
2023-02-07 21:00:00+00:00,2023,1,-1.2525848541481843,-0.6262924270740922,21308.916369554765
2023-02-08 15:30:00+00:00,2023,-1,2.92,1.46,21620.026548550264
2023-02-12 16:30:00+00:00,2023,1,-1.187096493059645,-0.5935482465298225,21491.701260072063
2023-02-12 21:45:00+00:00,2023,-1,0.003762886597937845,0.0018814432989689225,21492.105614245258
2023-02-14 14:45:00+00:00,2023,1,2.92,1.46,21805.890356213236
2023-02-20 00:45:00+00:00,2023,-1,-2.08,-1.04,21579.10909650862
2023-02-20 09:45:00+00:00,2023,1,-2.08,-1.04,21354.68636190493
2023-02-21 16:15:00+00:00,2023,-1,2.92,1.46,21666.46478278874
2023-02-26 18:45:00+00:00,2023,1,-1.0207686279854111,-0.5103843139927056,21555.88254514063
2023-02-28 21:00:00+00:00,2023,-1,-1.4735250959748791,-0.7367625479874396,21397.06687565987
2023-03-01 04:45:00+00:00,2023,1,-2.08,-1.04,21174.53738015301
2023-03-02 13:00:00+00:00,2023,-1,2.92,1.46,21483.685625903243
2023-03-12 17:15:00+00:00,2023,1,2.92,1.46,21797.34743604143
2023-03-22 19:00:00+00:00,2023,-1,-2.08,-1.04,21570.6550227066
2023-03-23 15:00:00+00:00,2023,1,-2.08,-1.04,21346.32021047045
2023-03-24 11:45:00+00:00,2023,-1,-2.08,-1.04,21124.31848028156
2023-03-26 12:45:00+00:00,2023,1,-1.299525306135616,-0.649762653067808,20987.06054808159
2023-03-27 14:15:00+00:00,2023,-1,2.92,1.46,21293.47163208358
2023-03-29 04:45:00+00:00,2023,1,2.92,1.46,21604.356317912
2023-03-30 18:00:00+00:00,2023,-1,-2.08,-1.04,21379.671012205716
2023-03-31 13:30:00+00:00,2023,1,-0.7653407373563436,-0.3826703686781718,21297.85734632113
2023-04-02 15:00:00+00:00,2023,-1,2.92,1.46,21608.806063577416
2023-04-05 00:30:00+00:00,2023,1,-2.08,-1.04,21384.07448051621
2023-04-05 16:00:00+00:00,2023,-1,-0.7768728592589457,-0.38843642962947283,21301.010945094786
2023-04-09 19:15:00+00:00,2023,1,2.92,1.46,21612.005704893167
2023-04-17 00:15:00+00:00,2023,-1,2.92,1.46,21927.540988184606
2023-04-18 11:30:00+00:00,2023,1,-0.8860285524809307,-0.44301427624046535,21830.39885117847
2023-04-19 08:00:00+00:00,2023,-1,2.92,1.46,22149.122674405673
2023-04-25 20:00:00+00:00,2023,1,2.92,1.46,22472.499865451995
2023-04-26 19:45:00+00:00,2023,-1,-2.08,-1.04,22238.785866851296
2023-04-27 00:15:00+00:00,2023,1,-2.08,-1.04,22007.502493836044
2023-05-01 01:30:00+00:00,2023,-1,2.92,1.46,22328.81203024605
2023-05-02 19:00:00+00:00,2023,1,-2.08,-1.04,22096.59238513149
2023-05-06 14:00:00+00:00,2023,-1,2.92,1.46,22419.20263395441
2023-05-10 12:45:00+00:00,2023,1,-1.1002378542689795,-0.5501189271344897,22295.870356952393
2023-05-10 17:15:00+00:00,2023,-1,-2.08,-1.04,22063.99330524009
2023-05-14 15:00:00+00:00,2023,1,0.3427001821601295,0.17135009108006474,22101.799977864517
2023-05-16 01:15:00+00:00,2023,-1,-0.8138828465578428,-0.4069414232789214,22011.858598464336
2023-05-17 19:00:00+00:00,2023,1,-1.0641423379059578,-0.5320711689529789,21894.73984511121
2023-05-18 17:30:00+00:00,2023,-1,-1.2248209766543594,-0.6124104883271797,21760.654161907798
2023-05-20 17:45:00+00:00,2023,1,-0.9871138960560221,-0.49355694802801103,21653.252941355357
2023-05-21 11:45:00+00:00,2023,-1,-0.691900171898827,-0.3459500859494135,21578.343494193894
2023-05-23 02:00:00+00:00,2023,1,0.06565134616593145,0.032825673082965724,21585.426730686017
2023-05-24 03:15:00+00:00,2023,-1,2.92,1.46,21900.573960954032
2023-05-26 14:15:00+00:00,2023,1,2.92,1.46,22220.32234078396
2023-05-31 04:45:00+00:00,2023,-1,0.06425459283865516,0.03212729641932758,22227.461129607716
2023-06-03 15:45:00+00:00,2023,1,-1.1421887904091577,-0.5710943952045788,22100.52134490025
2023-06-03 21:30:00+00:00,2023,-1,-0.9209190388224852,-0.4604595194112426,21998.757390528146
2023-06-04 22:00:00+00:00,2023,1,-0.9913513672104223,-0.49567568360521114,21889.714899447994
2023-06-05 01:00:00+00:00,2023,-1,2.92,1.46,22209.304736979935
2023-06-06 17:15:00+00:00,2023,1,-1.2659484777517527,-0.6329742388758763,22068.725559361414
2023-06-07 21:45:00+00:00,2023,-1,-2.08,-1.04,21839.210813544054
2023-06-13 02:45:00+00:00,2023,1,-1.0560524441517316,-0.5280262220758658,21723.894053754113
2023-06-14 20:00:00+00:00,2023,-1,2.92,1.46,22041.06290693892
2023-06-15 21:00:00+00:00,2023,1,2.92,1.46,22362.86242538023
2023-06-26 01:00:00+00:00,2023,-1,-0.8093387196274814,-0.4046693598137407,22272.366773167418
2023-06-27 10:00:00+00:00,2023,1,-1.0432244182287809,-0.5216122091143904,22156.19138881984
2023-06-28 07:30:00+00:00,2023,-1,-1.1630360780183402,-0.5815180390091701,22027.34913913646
2023-06-29 10:15:00+00:00,2023,1,-2.08,-1.04,21798.26470808944
2023-06-30 13:45:00+00:00,2023,-1,-2.08,-1.04,21571.56275512531
2023-07-03 02:15:00+00:00,2023,1,-0.3421180832208636,-0.1710590416104318,21534.662646615998
2023-07-05 10:00:00+00:00,2023,-1,-0.5904388664601833,-0.29521943323009164,21471.08813760265
2023-07-06 08:30:00+00:00,2023,1,-1.7181053270720037,-0.8590526635360018,21286.64018306641
2023-07-06 13:45:00+00:00,2023,-1,0.01024587059269784,0.00512293529634892,21287.73068386976
2023-07-10 18:30:00+00:00,2023,1,-0.33078060805258097,-0.16539030402629049,21252.522841371407
2023-07-12 19:30:00+00:00,2023,-1,-0.9543736188233208,-0.4771868094116604,21151.108605705183
2023-07-13 15:15:00+00:00,2023,1,2.92,1.46,21459.914791348478
2023-07-14 17:45:00+00:00,2023,-1,2.92,1.46,21773.229547302166
2023-07-20 07:15:00+00:00,2023,1,-0.3740903731768363,-0.18704518658841815,21732.50376946909
2023-07-20 14:30:00+00:00,2023,-1,-0.6951056793190834,-0.3475528396595417,21656.971835489185
2023-07-23 17:45:00+00:00,2023,1,-1.1218431024805553,-0.5609215512402776,21535.49321311789
2023-07-24 02:15:00+00:00,2023,-1,2.92,1.46,21849.91141402941
2023-07-26 20:15:00+00:00,2023,1,-0.9353477905212547,-0.46767389526062736,21747.725082208424
2023-07-27 18:00:00+00:00,2023,-1,-0.6324748267518475,-0.31623741337592376,21678.950638940343
2023-07-28 14:15:00+00:00,2023,1,-0.40312977177049175,-0.20156488588524588,21635.253486823844
2023-07-30 19:45:00+00:00,2023,-1,-0.42672733252933964,-0.21336366626466982,21589.0917167787
2023-07-31 00:30:00+00:00,2023,1,-0.9663210218121864,-0.4831605109060932,21484.78175093993
2023-07-31 16:00:00+00:00,2023,-1,-0.24612831956923648,-0.12306415978461824,21458.341684796575
2023-08-01 23:00:00+00:00,2023,1,-0.2648944943663389,-0.13244724718316944,21429.920701943905
2023-08-02 16:45:00+00:00,2023,-1,-0.4660178808996917,-0.23300894044984585,21379.987070777064
2023-08-06 21:00:00+00:00,2023,1,-0.67212961059254,-0.33606480529627,21308.13645885529
2023-08-07 15:15:00+00:00,2023,-1,-0.8833822253411093,-0.44169111267055466,21214.020313840814
2023-08-07 21:15:00+00:00,2023,1,2.92,1.46,21523.74501042289
2023-08-11 16:30:00+00:00,2023,-1,-0.6003602914563898,-0.3001801457281949,21459.135001284438
2023-08-14 14:30:00+00:00,2023,1,-0.9377606188057696,-0.4688803094028848,21358.51734269523
2023-08-15 16:45:00+00:00,2023,-1,2.92,1.46,21670.351695898582
2023-08-23 16:15:00+00:00,2023,1,-0.5996166687557624,-0.2998083343778812,21605.38217542528
2023-08-24 14:30:00+00:00,2023,-1,-0.29946905371235116,-0.14973452685617558,21573.03145864944
2023-08-27 14:15:00+00:00,2023,1,-0.5982775119617288,-0.2991387559808644,21508.498160716674
2023-08-28 05:30:00+00:00,2023,-1,-0.6321921875602631,-0.31609609378013154,21440.510638199878
2023-08-28 12:15:00+00:00,2023,1,2.92,1.46,21753.542093517593
2023-08-31 16:00:00+00:00,2023,-1,2.92,1.46,22071.14380808295
2023-09-07 17:45:00+00:00,2023,1,0.3575185675318027,0.17875928376590136,22110.59802667322
2023-09-08 10:00:00+00:00,2023,-1,2.92,1.46,22433.412757862647
2023-09-12 03:15:00+00:00,2023,1,2.92,1.46,22760.94058412744
2023-09-21 09:15:00+00:00,2023,-1,0.7581013479742961,0.37905067398714803,22847.21608281739
2023-09-24 17:45:00+00:00,2023,1,-0.6212339233270668,-0.3106169616635334,22776.24875439624
2023-09-24 19:15:00+00:00,2023,-1,0.39718517509403034,0.19859258754701517,22821.480696143743
2023-09-27 09:45:00+00:00,2023,1,2.92,1.46,23154.674314307438
2023-10-03 14:45:00+00:00,2023,-1,-1.086635306855519,-0.5433176534277595,23028.870881164105
2023-10-04 19:00:00+00:00,2023,1,-0.9763942550095693,-0.48819712750478467,22916.444595025474
2023-10-06 12:45:00+00:00,2023,-1,-1.827887189503139,-0.9139435947515695,22707.001217504447
2023-10-06 15:15:00+00:00,2023,1,-0.3341912798369128,-0.1670956399184564,22669.058808513764
2023-10-09 09:30:00+00:00,2023,-1,2.92,1.46,23000.027067118062
2023-10-15 17:15:00+00:00,2023,1,2.92,1.46,23335.827462297984
2023-10-27 17:00:00+00:00,2023,-1,-1.6295883116767307,-0.8147941558383653,23145.688503918656
2023-10-28 11:15:00+00:00,2023,1,2.92,1.46,23483.615556075867
2023-11-02 16:15:00+00:00,2023,-1,-1.5052794836372874,-0.7526397418186437,23306.868532584936
2023-11-04 22:30:00+00:00,2023,1,-0.633129548762743,-0.3165647743813715,23233.087196799395
2023-11-05 21:45:00+00:00,2023,-1,-2.08,-1.04,22991.463089952682
2023-11-06 10:30:00+00:00,2023,1,-1.535104931630502,-0.767552465815251,22814.99154807875
2023-11-07 10:30:00+00:00,2023,-1,-0.66380300183829,-0.331901500919145,22739.268248696102
2023-11-07 18:00:00+00:00,2023,1,2.92,1.46,23071.261565127064
2023-11-13 12:00:00+00:00,2023,-1,2.92,1.46,23408.10198397792
2023-11-15 18:00:00+00:00,2023,1,-2.08,-1.04,23164.65772334455
2023-11-16 17:45:00+00:00,2023,-1,-1.0183171396328161,-0.5091585698164081,23046.712883377502
2023-11-18 16:00:00+00:00,2023,1,0.1668699926672313,0.08343499633361565,23065.941907426764
2023-11-21 14:30:00+00:00,2023,-1,-2.08,-1.04,22826.056111589525
2023-11-22 18:30:00+00:00,2023,1,2.92,1.46,23159.31653081873
2023-11-26 13:30:00+00:00,2023,-1,-0.25669544761955704,-0.12834772380977852,23129.592075201523
2023-11-28 15:45:00+00:00,2023,1,2.92,1.46,23467.284119499465
2023-12-11 01:00:00+00:00,2023,-1,2.92,1.46,23809.906467644156
2023-12-13 16:00:00+00:00,2023,1,2.92,1.46,24157.53110207176
2023-12-15 15:00:00+00:00,2023,-1,2.92,1.46,24510.231056162007
2023-12-18 21:00:00+00:00,2023,1,2.92,1.46,24868.080429581973
2023-12-24 22:00:00+00:00,2023,-1,2.92,1.46,25231.154403853867
2023-12-27 10:30:00+00:00,2023,1,-1.422300505097216,-0.711150252548608,25051.72298558993
2023-12-28 15:15:00+00:00,2023,-1,-0.5443576660202208,-0.2721788330101104,24983.537498318827
2023-12-31 09:15:00+00:00,2023,1,2.92,1.46,25348.29714579428
2024-01-03 11:45:00+00:00,2024,-1,2.92,1.46,25718.382284122876
2024-01-04 19:15:00+00:00,2024,1,-2.08,-1.04,25450.911108368
2024-01-08 02:30:00+00:00,2024,-1,-2.08,-1.04,25186.221632840974
2024-01-08 11:45:00+00:00,2024,1,2.92,1.46,25553.940468680452
2024-01-10 12:30:00+00:00,2024,-1,-2.08,-1.04,25288.179487806177
2024-01-10 22:45:00+00:00,2024,1,-2.08,-1.04,25025.182421132995
2024-01-12 14:30:00+00:00,2024,-1,2.92,1.46,25390.550084481536
2024-01-15 18:30:00+00:00,2024,1,-2.08,-1.04,25126.48836360293
2024-01-16 14:30:00+00:00,2024,-1,-2.08,-1.04,24865.17288462146
2024-01-16 21:15:00+00:00,2024,1,-2.08,-1.04,24606.5750866214
2024-01-17 16:15:00+00:00,2024,-1,2.92,1.46,24965.83108288607
2024-01-26 10:30:00+00:00,2024,1,2.92,1.46,25330.332216696206
2024-01-31 10:45:00+00:00,2024,-1,-1.5622104073305865,-0.7811052036652932,25132.475673645888
2024-01-31 15:30:00+00:00,2024,1,-2.08,-1.04,24871.09792663997
2024-01-31 21:15:00+00:00,2024,-1,-1.5729220407603473,-0.7864610203801736,24675.496436106365
2024-02-01 17:15:00+00:00,2024,1,-0.7434215187199421,-0.37171075935997105,24583.774960927873
2024-02-04 06:45:00+00:00,2024,-1,-0.7790453946552399,-0.38952269732761996,24488.015577595117
2024-02-05 10:00:00+00:00,2024,1,-1.2674420759962923,-0.6337210379981462,24332.82987109163
2024-02-05 16:15:00+00:00,2024,-1,-0.9996066818955017,-0.49980334094775086,24211.213574448786
2024-02-06 15:15:00+00:00,2024,1,2.92,1.46,24564.697292635738
2024-02-13 15:00:00+00:00,2024,-1,-2.08,-1.04,24309.224440792328
2024-02-13 21:15:00+00:00,2024,1,2.92,1.46,24664.139117627896
2024-02-17 13:30:00+00:00,2024,-1,-1.2672728407194223,-0.6336364203597111,24507.858149410422
2024-02-18 22:00:00+00:00,2024,1,-1.1153670672892946,-0.5576835336446473,24371.181860062174
2024-02-20 01:15:00+00:00,2024,-1,-1.7607294105304572,-0.8803647052652286,24156.626576710187
2024-02-20 11:15:00+00:00,2024,1,-1.485241169768312,-0.742620584884156,23977.23449513794
2024-02-20 16:45:00+00:00,2024,-1,-2.08,-1.04,23727.871256388506
2024-02-24 17:30:00+00:00,2024,1,-0.5551095698426577,-0.27755478492132885,23662.013414356425
2024-02-26 09:15:00+00:00,2024,-1,-1.3242154552074537,-0.6621077276037268,23505.345395033342
2024-02-26 15:00:00+00:00,2024,1,2.92,1.46,23848.523437800828
2024-03-05 17:00:00+00:00,2024,-1,-2.08,-1.04,23600.4987940477
2024-03-06 08:00:00+00:00,2024,1,-2.08,-1.04,23355.053606589605
2024-03-11 01:30:00+00:00,2024,-1,-2.08,-1.04,23112.161049081074
2024-03-11 07:00:00+00:00,2024,1,2.92,1.46,23449.598600397658
2024-03-12 17:00:00+00:00,2024,-1,-2.08,-1.04,23205.722774953523
2024-03-13 06:15:00+00:00,2024,1,-0.7544992646592118,-0.3772496323296059,23118.179271105586
2024-03-14 15:15:00+00:00,2024,-1,2.92,1.46,23455.704688463728
2024-03-20 20:00:00+00:00,2024,1,2.92,1.46,23798.157976915296
2024-03-22 10:45:00+00:00,2024,-1,2.92,1.46,24145.61108337826
2024-03-23 16:30:00+00:00,2024,1,-2.08,-1.04,23894.496728111124
2024-03-29 15:30:00+00:00,2024,-1,-1.5390318826552374,-0.7695159413276187,23710.624766688303
2024-03-31 12:00:00+00:00,2024,1,-0.6525417796931586,-0.3262708898465793,23633.263900273847
2024-04-01 05:45:00+00:00,2024,-1,2.92,1.46,23978.309553217845
2024-04-04 13:15:00+00:00,2024,1,2.92,1.46,24328.392872694825
2024-04-09 14:30:00+00:00,2024,-1,-1.2849237170596473,-0.6424618585298236,24172.092227694473
2024-04-10 22:00:00+00:00,2024,1,-1.3033179024379926,-0.6516589512189963,24014.57262499579
2024-04-12 14:45:00+00:00,2024,-1,2.92,1.46,24365.18538532073
2024-04-18 14:15:00+00:00,2024,1,-2.08,-1.04,24111.787457313392
2024-04-19 01:30:00+00:00,2024,-1,-2.08,-1.04,23861.024867757333
2024-04-19 06:45:00+00:00,2024,1,-2.08,-1.04,23612.870209132656
2024-04-24 14:15:00+00:00,2024,-1,2.92,1.46,23957.618114185992
2024-04-28 03:00:00+00:00,2024,1,-2.08,-1.04,23708.45888579846
2024-04-28 23:00:00+00:00,2024,-1,-0.947708255542543,-0.4738541277712715,23596.11537473715
2024-04-29 22:30:00+00:00,2024,1,-1.6373459209902719,-0.8186729604951359,23402.940358436943
2024-04-30 08:30:00+00:00,2024,-1,2.92,1.46,23744.62328767012
2024-05-03 12:30:00+00:00,2024,1,2.92,1.46,24091.294787670104
2024-05-07 23:00:00+00:00,2024,-1,-0.6120674828239946,-0.3060337414119973,24017.567296876805
2024-05-09 22:30:00+00:00,2024,1,-1.2938089231873873,-0.6469044615936936,23862.19658246704
2024-05-10 14:30:00+00:00,2024,-1,0.45464945992961475,0.22732472996480738,23916.441256411807
2024-05-12 16:15:00+00:00,2024,1,-0.5235797665369611,-0.26178988326848057,23853.830432764673
2024-05-14 17:00:00+00:00,2024,-1,-1.9091936965078249,-0.9545968482539124,23626.12251926567
2024-05-15 09:45:00+00:00,2024,1,2.92,1.46,23971.06390804695
2024-05-19 19:00:00+00:00,2024,-1,-1.4147326457574971,-0.7073663228787486,23801.50067472568
2024-05-20 05:15:00+00:00,2024,1,2.92,1.46,24149.002584576676
2024-05-23 13:30:00+00:00,2024,-1,2.92,1.46,24501.578022311493
2024-05-24 18:00:00+00:00,2024,1,-0.8395749387987682,-0.4197874693993841,24398.723467968717
2024-05-26 21:30:00+00:00,2024,-1,-1.1991444450616484,-0.5995722225308242,24252.43549940267
2024-05-27 14:45:00+00:00,2024,1,-1.3000101799317298,-0.6500050899658649,24094.793434215862
2024-05-28 03:00:00+00:00,2024,-1,-0.4112587687217983,-0.20562938436089914,24045.247458814054
2024-05-30 17:00:00+00:00,2024,1,-1.69956595864462,-0.84978297932231,23840.915038573123
2024-05-31 14:30:00+00:00,2024,-1,-0.6193027649283954,-0.3096513824641977,23767.091315564066
2024-06-02 11:45:00+00:00,2024,1,2.92,1.46,24114.090848771302
2024-06-07 17:30:00+00:00,2024,-1,0.4868160159305935,0.24340800796529674,24172.78647694524
2024-06-10 15:30:00+00:00,2024,1,-0.975826283377521,-0.4879131416887605,24054.84427501186
2024-06-11 01:45:00+00:00,2024,-1,2.92,1.46,24406.045001427032
2024-06-12 12:30:00+00:00,2024,1,-1.9757646370748705,-0.9878823185374352,24164.941998203645
2024-06-12 19:45:00+00:00,2024,-1,2.92,1.46,24517.75015137742
2024-06-17 18:00:00+00:00,2024,1,-2.08,-1.04,24262.765549803094
2024-06-18 01:00:00+00:00,2024,-1,0.127930588324845,0.0639652941624225,24278.285299158964
2024-06-20 07:15:00+00:00,2024,1,-1.641927912188077,-0.8209639560940385,24078.96932769519
2024-06-20 16:00:00+00:00,2024,-1,2.92,1.46,24430.52227987954
2024-06-27 13:45:00+00:00,2024,1,-1.5643162626207219,-0.7821581313103609,24239.436963345874
2024-06-28 14:30:00+00:00,2024,-1,-0.3536602801650445,-0.17683014008252226,24196.574333008375
2024-06-30 07:00:00+00:00,2024,1,2.92,1.46,24549.844318270298
2024-07-02 14:30:00+00:00,2024,-1,2.92,1.46,24908.272045317044
2024-07-06 16:15:00+00:00,2024,1,-1.6322389093629686,-0.8161194546814843,24704.990791330223
2024-07-07 14:00:00+00:00,2024,-1,2.92,1.46,25065.683656883644
2024-07-08 08:45:00+00:00,2024,1,-1.2086564487482665,-0.6043282243741332,24914.204655912763
2024-07-08 14:15:00+00:00,2024,-1,-2.08,-1.04,24655.09692749127
2024-07-09 08:30:00+00:00,2024,1,2.92,1.46,25015.06134263264
2024-07-12 01:15:00+00:00,2024,-1,-2.08,-1.04,24754.904704669265
2024-07-12 18:30:00+00:00,2024,1,-2.08,-1.04,24497.453695740707
2024-07-18 15:00:00+00:00,2024,-1,-1.6310261831959139,-0.8155130915979569,24297.673753743795
2024-07-19 13:45:00+00:00,2024,1,2.92,1.46,24652.419790548454
2024-07-23 05:15:00+00:00,2024,-1,2.92,1.46,25012.34511949046
2024-07-26 00:30:00+00:00,2024,1,2.92,1.46,25377.52535823502
2024-07-29 16:15:00+00:00,2024,-1,2.92,1.46,25748.03722846525
2024-08-08 01:30:00+00:00,2024,1,2.92,1.46,26123.958572000844
2024-08-11 19:15:00+00:00,2024,-1,2.92,1.46,26505.368367152056
2024-08-13 16:30:00+00:00,2024,1,-1.7505916135409838,-0.8752958067704919,26273.3679892653
2024-08-14 14:00:00+00:00,2024,-1,2.92,1.46,26656.959161908573
2024-08-16 19:00:00+00:00,2024,1,-0.983578527156923,-0.4917892635784615,26525.863098753813
2024-08-18 23:30:00+00:00,2024,-1,-1.0826866489371678,-0.5413433244685839,26382.267109611035
2024-08-20 00:15:00+00:00,2024,1,-1.4862849891766872,-0.7431424945883436,26186.20927168371
2024-08-20 15:00:00+00:00,2024,-1,-2.08,-1.04,25913.8726952582
2024-08-21 18:15:00+00:00,2024,1,2.92,1.46,26292.21523660897
2024-08-26 15:00:00+00:00,2024,-1,2.92,1.46,26676.08157906346
2024-08-29 15:15:00+00:00,2024,1,-2.08,-1.04,26398.6503306412
2024-08-29 18:30:00+00:00,2024,-1,2.92,1.46,26784.07062546856
2024-09-02 20:45:00+00:00,2024,1,-1.0818299890946825,-0.5409149945473413,26639.19157130525
2024-09-03 14:00:00+00:00,2024,-1,2.92,1.46,27028.123768246307
2024-09-04 16:45:00+00:00,2024,1,-2.08,-1.04,26747.031281056545
2024-09-05 03:15:00+00:00,2024,-1,2.92,1.46,27137.537937759967
2024-09-08 22:15:00+00:00,2024,1,2.92,1.46,27533.74599165126
2024-09-11 13:45:00+00:00,2024,-1,-2.08,-1.04,27247.39503333809
2024-09-11 17:00:00+00:00,2024,1,2.92,1.46,27645.207000824823
2024-09-15 23:00:00+00:00,2024,-1,-0.6500021085996764,-0.3250010542998382,27555.35978660877
2024-09-17 10:45:00+00:00,2024,1,2.92,1.46,27957.668039493255
2024-09-22 16:00:00+00:00,2024,-1,-0.600291363163361,-0.3001456815816805,27873.754306201776
2024-09-22 22:30:00+00:00,2024,1,-0.6390737240075638,-0.3195368620037819,27784.687386369096
2024-09-25 17:30:00+00:00,2024,-1,-1.4162061448360053,-0.7081030724180026,27587.94316132448
2024-09-26 10:15:00+00:00,2024,1,2.92,1.46,27990.727131479816
2024-09-30 00:15:00+00:00,2024,-1,2.92,1.46,28399.39174759942
2024-10-04 12:45:00+00:00,2024,1,2.92,1.46,28814.02286711437
2024-10-07 23:45:00+00:00,2024,-1,2.92,1.46,29234.707600974238
2024-10-11 13:30:00+00:00,2024,1,2.92,1.46,29661.53433194846
2024-10-13 15:15:00+00:00,2024,-1,-1.2021263649715985,-0.6010631824857993,29483.249769718735
2024-10-14 03:15:00+00:00,2024,1,2.92,1.46,29913.705216356626
2024-10-21 13:15:00+00:00,2024,-1,2.92,1.46,30350.445312515432
2024-10-24 13:30:00+00:00,2024,1,-0.9293780417862861,-0.46468902089314307,30209.410125355997
2024-10-25 17:45:00+00:00,2024,-1,-0.9269083653531051,-0.46345418267655253,30069.403350568122
2024-10-27 13:00:00+00:00,2024,1,2.92,1.46,30508.416639486415
2024-10-31 14:00:00+00:00,2024,-1,2.92,1.46,30953.839522422913
2024-11-01 14:15:00+00:00,2024,1,-0.9738472488886462,-0.4869236244443231,30803.117965115653
2024-11-01 15:30:00+00:00,2024,-1,2.92,1.46,31252.84348740634
2024-11-05 14:15:00+00:00,2024,1,2.92,1.46,31709.13500232247
2024-11-14 23:00:00+00:00,2024,-1,-2.08,-1.04,31379.359998298318
2024-11-15 12:00:00+00:00,2024,1,-2.08,-1.04,31053.014654316015
2024-11-17 21:45:00+00:00,2024,-1,-2.08,-1.04,30730.06330191113
2024-11-18 06:30:00+00:00,2024,1,-2.08,-1.04,30410.470643571254
2024-11-18 13:45:00+00:00,2024,-1,-1.3574472494684775,-0.6787236247342388,30204.067594920467
2024-11-18 15:30:00+00:00,2024,1,-2.08,-1.04,29889.945291933294
2024-11-24 12:30:00+00:00,2024,-1,-1.7025343258241765,-0.8512671629120883,29635.50200265068
2024-11-25 09:00:00+00:00,2024,1,-1.3927980059586043,-0.6963990029793021,29429.12066217631
2024-11-25 14:30:00+00:00,2024,-1,2.92,1.46,29858.785823844082
2024-11-27 15:30:00+00:00,2024,1,2.92,1.46,30294.724096872204
2024-12-01 02:45:00+00:00,2024,-1,-1.3855467740067606,-0.6927733870033803,30084.850310662972
2024-12-01 13:15:00+00:00,2024,1,-1.0170313302516698,-0.5085156651258349,29931.864134003594
2024-12-02 07:15:00+00:00,2024,-1,-1.1422768676387118,-0.5711384338193559,29760.91175397571
2024-12-04 09:30:00+00:00,2024,1,-2.08,-1.04,29451.398271734364
2024-12-04 16:30:00+00:00,2024,-1,-2.08,-1.04,29145.103729708328
2024-12-04 19:45:00+00:00,2024,1,2.92,1.46,29570.622244162067
2024-12-05 22:15:00+00:00,2024,-1,-2.08,-1.04,29263.087772822782
2024-12-06 17:30:00+00:00,2024,1,-2.08,-1.04,28958.751659985428
2024-12-09 07:00:00+00:00,2024,-1,2.92,1.46,29381.549434221215
2024-12-11 14:30:00+00:00,2024,1,2.92,1.46,29810.520055960842
2024-12-18 04:00:00+00:00,2024,-1,2.92,1.46,30245.753648777867
2024-12-24 14:00:00+00:00,2024,1,2.92,1.46,30687.34165205002
2024-12-26 08:00:00+00:00,2024,-1,2.92,1.46,31135.37684016995
2024-12-31 12:15:00+00:00,2024,1,-2.08,-1.04,30811.568921032183
2025-01-07 15:00:00+00:00,2025,-1,2.92,1.46,31261.417827279252
2025-01-10 17:45:00+00:00,2025,1,-2.08,-1.04,30936.29908187555
2025-01-13 06:45:00+00:00,2025,-1,2.92,1.46,31387.96904847093
2025-01-14 01:00:00+00:00,2025,1,2.92,1.46,31846.233396578606
2025-01-19 23:00:00+00:00,2025,-1,-2.08,-1.04,31515.03256925419
2025-01-20 06:45:00+00:00,2025,1,-2.08,-1.04,31187.276230533946
2025-01-20 17:30:00+00:00,2025,-1,-2.08,-1.04,30862.928557736395
2025-01-21 16:00:00+00:00,2025,1,-2.08,-1.04,30541.954100735937
2025-01-23 01:45:00+00:00,2025,-1,-2.08,-1.04,30224.317778088283
2025-01-23 14:45:00+00:00,2025,1,-2.08,-1.04,29909.984873196165
2025-01-26 23:00:00+00:00,2025,-1,2.92,1.46,30346.670652344827
2025-01-29 19:30:00+00:00,2025,1,0.4508548503598409,0.22542742517992045,30415.08037062424
2025-01-31 18:30:00+00:00,2025,-1,2.92,1.46,30859.140544035352
2025-02-03 18:45:00+00:00,2025,1,-2.08,-1.04,30538.205482377387
2025-02-04 21:15:00+00:00,2025,-1,-1.1966333514740946,-0.5983166757370473,30355.49030650548
2025-02-07 13:45:00+00:00,2025,1,-2.08,-1.04,30039.793207317824
2025-02-07 20:15:00+00:00,2025,-1,-1.3827662458300338,-0.6913831229150169,29832.10314692386
2025-02-10 08:00:00+00:00,2025,1,-1.2324667577343607,-0.6162333788671803,29648.267769714428
2025-02-11 16:30:00+00:00,2025,-1,-0.6728802535317245,-0.33644012676586227,29548.51910004612
2025-02-12 17:15:00+00:00,2025,1,-2.08,-1.04,29241.21450140564
2025-02-13 16:15:00+00:00,2025,-1,-2.08,-1.04,28937.10587059102
2025-02-14 16:45:00+00:00,2025,1,-0.8606258117648123,-0.43031290588240617,28812.585769441015
2025-02-16 13:45:00+00:00,2025,-1,2.92,1.46,29233.249521674854
2025-02-20 00:45:00+00:00,2025,1,0.03888727296767154,0.01944363648383577,29238.93352844426
2025-02-21 18:00:00+00:00,2025,-1,2.92,1.46,29665.821957959546
2025-03-01 04:00:00+00:00,2025,1,2.92,1.46,30098.942958545755
2025-03-03 18:15:00+00:00,2025,-1,2.92,1.46,30538.38752574052
2025-03-04 21:15:00+00:00,2025,1,-2.08,-1.04,30220.78829547282
2025-03-07 00:15:00+00:00,2025,-1,-2.08,-1.04,29906.4920971999
2025-03-11 18:45:00+00:00,2025,1,-2.08,-1.04,29595.464579389023
2025-03-13 15:45:00+00:00,2025,-1,-2.08,-1.04,29287.67174776338
2025-03-14 11:15:00+00:00,2025,1,0.4602903429412964,0.2301451714706482,29355.075910127027
2025-03-16 11:00:00+00:00,2025,-1,-2.08,-1.04,29049.78312066171
2025-03-17 18:30:00+00:00,2025,1,-2.08,-1.04,28747.665376206827
2025-03-18 06:15:00+00:00,2025,-1,-1.2714022567442784,-0.6357011283721392,28564.916143029634
2025-03-19 11:15:00+00:00,2025,1,2.92,1.46,28981.963918717865
2025-03-21 12:45:00+00:00,2025,-1,-1.2775509597428103,-0.6387754798714051,28796.83423961992
2025-03-23 11:00:00+00:00,2025,1,2.92,1.46,29217.268019518368
2025-03-26 18:45:00+00:00,2025,-1,2.92,1.46,29643.840132603334
2025-04-01 08:00:00+00:00,2025,1,2.92,1.46,30076.640198539342
2025-04-02 22:15:00+00:00,2025,-1,-1.0063587353866899,-0.5031793676933449,29925.30075056493
2025-04-04 08:15:00+00:00,2025,1,-2.08,-1.04,29614.077622759054
2025-04-04 11:00:00+00:00,2025,-1,-2.08,-1.04,29306.09121548236
2025-04-09 17:15:00+00:00,2025,1,2.92,1.46,29733.9601472284
2025-04-10 15:45:00+00:00,2025,-1,-2.08,-1.04,29424.726961697226
2025-04-11 08:00:00+00:00,2025,1,2.92,1.46,29854.327975338005
2025-04-15 22:45:00+00:00,2025,-1,-1.6523221649207809,-0.8261610824603904,29607.683136175678
2025-04-16 17:15:00+00:00,2025,1,-1.2119989069384918,-0.6059994534692459,29428.26073818555
2025-04-16 17:45:00+00:00,2025,-1,-2.08,-1.04,29122.20682650842
2025-04-17 18:00:00+00:00,2025,1,-0.8567972161540126,-0.4283986080770063,28997.44769782235
2025-04-20 09:15:00+00:00,2025,-1,-0.7899715396280403,-0.39498576981402017,28882.91190580669
2025-04-21 00:00:00+00:00,2025,1,2.92,1.46,29304.602419631465
2025-04-28 00:00:00+00:00,2025,-1,-1.2464483570011042,-0.6232241785005521,29121.969051938864
2025-04-28 07:15:00+00:00,2025,1,-0.628375165125492,-0.314187582562746,29030.47144137991
2025-04-29 23:00:00+00:00,2025,-1,-1.548152346537277,-0.7740761732686385,28805.75347896463
2025-05-01 09:15:00+00:00,2025,1,0.5581958428078205,0.27909792140391027,28886.149738169155
2025-05-04 01:30:00+00:00,2025,-1,0.45726673651761646,0.22863336825880823,28952.19311527581
2025-05-06 22:15:00+00:00,2025,1,2.92,1.46,29374.895134758837
2025-05-12 14:45:00+00:00,2025,-1,-0.9323976908674013,-0.46619884543370066,29237.949712793234
2025-05-13 16:00:00+00:00,2025,1,-1.4496869971789317,-0.7248434985894658,29026.020335179193
2025-05-15 05:00:00+00:00,2025,-1,-1.1047182073670037,-0.5523591036835018,28865.692469420806
2025-05-15 17:15:00+00:00,2025,1,2.92,1.46,29287.13157947435
2025-05-19 04:45:00+00:00,2025,-1,-1.4720926650226485,-0.7360463325113242,29071.564721585863
2025-05-19 15:30:00+00:00,2025,1,2.92,1.46,29496.009566521014
2025-05-23 12:00:00+00:00,2025,-1,-0.5249583718779015,-0.26247918593895075,29418.588680726334
2025-05-25 22:45:00+00:00,2025,1,-0.6935301028384554,-0.3467650514192277,29316.5752965608
2025-05-28 13:45:00+00:00,2025,-1,2.92,1.46,29744.597295890588
2025-06-01 21:45:00+00:00,2025,1,-1.2477188749763979,-0.6238594374881989,29559.032818517317
2025-06-02 11:30:00+00:00,2025,-1,-1.239451234760267,-0.6197256173801335,29375.847919891166
2025-06-02 22:15:00+00:00,2025,1,-1.041510266356791,-0.5207551331783955,29222.871683933652
2025-06-04 14:00:00+00:00,2025,-1,-1.1818690318219893,-0.5909345159109947,29050.18364861291
2025-06-05 13:00:00+00:00,2025,1,-1.298934519616688,-0.649467259808344,28861.512216900974
2025-06-05 14:00:00+00:00,2025,-1,2.92,1.46,29282.890295267727
2025-06-06 14:30:00+00:00,2025,1,2.92,1.46,29710.420493578633
2025-06-12 03:15:00+00:00,2025,-1,2.92,1.46,30144.192632784878
2025-06-16 04:15:00+00:00,2025,1,-0.1976304388773697,-0.09881521943868485,30114.40558268677
2025-06-17 10:30:00+00:00,2025,-1,0.49965175498576603,0.24982587749288301,30189.639160685485
2025-06-20 07:30:00+00:00,2025,1,-0.6429062430039799,-0.32145312150198996,30092.593623233275
2025-06-20 14:45:00+00:00,2025,-1,2.92,1.46,30531.94549013248
2025-06-23 18:30:00+00:00,2025,1,2.92,1.46,30977.71189428841
2025-06-30 14:45:00+00:00,2025,-1,-0.3249316017964831,-0.16246580089824156,30927.38370655941
2025-07-02 08:00:00+00:00,2025,1,0.8420638503828705,0.42103192519143523,31057.597865590476
2025-07-04 13:45:00+00:00,2025,-1,-0.54303374670007,-0.271516873350035,30973.271246928198
2025-07-06 13:30:00+00:00,2025,1,-0.4634648061045165,-0.23173240305225826,30901.4961411638
2025-07-07 16:45:00+00:00,2025,-1,-0.8650269520052188,-0.4325134760026094,30767.84300606684
2025-07-08 11:00:00+00:00,2025,1,2.92,1.46,31217.053513955412
2025-07-15 01:45:00+00:00,2025,-1,-0.502309486012895,-0.2511547430064475,31138.650403428255
2025-07-16 09:15:00+00:00,2025,1,-0.2237776507588029,-0.11188882537940145,31103.80973325286
2025-07-18 14:15:00+00:00,2025,-1,-0.8432422660349913,-0.42162113301749565,30972.669498243915
2025-07-21 06:30:00+00:00,2025,1,-1.3629619591943842,-0.6814809795971921,30761.59664673988
2025-07-21 18:45:00+00:00,2025,-1,-1.4238778376707595,-0.7119389188353797,30542.592868156582
2025-07-22 10:45:00+00:00,2025,1,-0.8497636566632137,-0.42488182833160687,30412.82294115848
2025-07-23 13:30:00+00:00,2025,-1,-0.2345560871876628,-0.1172780435938314,30377.155377411436
2025-07-26 10:30:00+00:00,2025,1,-0.23806624397203263,-0.11903312198601632,30340.996500995163
2025-07-28 17:00:00+00:00,2025,-1,-0.8182964439725636,-0.4091482219862818,30216.856853278423
2025-07-31 07:15:00+00:00,2025,1,-1.0751002677173305,-0.5375501338586652,30054.426098815744
2025-07-31 19:00:00+00:00,2025,-1,2.92,1.46,30493.22071985845
2025-08-04 00:45:00+00:00,2025,1,-0.9799047507936008,-0.4899523753968004,30343.818460606515
2025-08-05 14:15:00+00:00,2025,-1,-0.993686482934195,-0.4968432414670975,30193.05724938195
2025-08-06 14:45:00+00:00,2025,1,2.92,1.46,30633.875885222926
2025-08-12 10:00:00+00:00,2025,-1,-1.601454951582002,-0.800727475791001,30388.582024110234
2025-08-12 20:45:00+00:00,2025,1,2.92,1.46,30832.25532166224
2025-08-14 12:30:00+00:00,2025,-1,2.92,1.46,31282.406249358508
2025-08-22 14:00:00+00:00,2025,1,-0.7383113215823388,-0.3691556607911694,31166.92547585731
2025-08-24 16:45:00+00:00,2025,-1,2.92,1.46,31621.96258780483
2025-08-27 17:45:00+00:00,2025,1,-0.9883930171294385,-0.49419650856471925,31465.687952756256
2025-08-29 05:30:00+00:00,2025,-1,2.92,1.46,31925.086996866496
2025-09-01 07:45:00+00:00,2025,1,-1.2696850086342337,-0.6348425043171169,31722.412975070172
2025-09-01 21:30:00+00:00,2025,-1,-1.9827293439345395,-0.9913646719672697,31407.928179739767
2025-09-02 02:45:00+00:00,2025,1,0.11154324331436268,0.05577162165718134,31425.44489061453
2025-09-04 14:00:00+00:00,2025,-1,-0.9345061992693892,-0.4672530996346946,31278.608525289143
2025-09-04 22:45:00+00:00,2025,1,-0.8829256676915896,-0.4414628338457948,31140.52509370587
2025-09-06 15:45:00+00:00,2025,-1,-0.4981316684205738,-0.2490658342102869,31062.96468510377
2025-09-07 08:15:00+00:00,2025,1,-0.016151021718555578,-0.008075510859277789,31060.45619201741
2025-09-09 15:30:00+00:00,2025,-1,-1.3783730391931126,-0.6891865195965563,30846.391715016834
2025-09-10 07:45:00+00:00,2025,1,2.92,1.46,31296.74903405608
2025-09-15 00:00:00+00:00,2025,-1,-0.8214308720655737,-0.4107154360327869,31168.20845479677
2025-09-15 04:30:00+00:00,2025,1,-0.7765638081579461,-0.38828190407897306,31047.187941541186
2025-09-15 08:45:00+00:00,2025,-1,-1.234345798059242,-0.617172899029621,30855.5731116552
2025-09-16 17:00:00+00:00,2025,1,-0.571106263858243,-0.2855531319291215,30767.464056260193
2025-09-17 18:30:00+00:00,2025,-1,-1.5249482970594341,-0.7624741485297171,30532.870096673036
2025-09-17 23:00:00+00:00,2025,1,-0.5865047404527178,-0.2932523702263589,30443.331731416405
2025-09-19 12:45:00+00:00,2025,-1,2.92,1.46,30887.804374695083
2025-09-24 14:45:00+00:00,2025,1,-1.11543202827312,-0.55771601413656,30715.538143282236
2025-09-25 04:00:00+00:00,2025,-1,2.92,1.46,31163.985000174154
2025-09-28 16:00:00+00:00,2025,1,2.92,1.46,31618.979181176695
2025-10-07 14:00:00+00:00,2025,-1,-0.8312490278552608,-0.4156245139276304,31487.562952646054
2025-10-08 17:45:00+00:00,2025,1,-1.7166429945437134,-0.8583214972718567,31217.298430856485
2025-10-09 02:30:00+00:00,2025,-1,2.92,1.46,31673.070987946987
2025-10-12 20:15:00+00:00,2025,1,-1.5915259387887937,-0.7957629693943968,31421.028417754904
2025-10-14 04:30:00+00:00,2025,-1,2.92,1.46,31879.775432654125
2025-10-19 14:15:00+00:00,2025,1,2.92,1.46,32345.220153970873
2025-10-21 04:00:00+00:00,2025,-1,-2.08,-1.04,32008.829864369578
2025-10-21 14:45:00+00:00,2025,1,-2.08,-1.04,31675.938033780134
2025-10-21 23:45:00+00:00,2025,-1,-0.7904607048073141,-0.39523035240365706,31550.745112262062
2025-10-23 06:15:00+00:00,2025,1,2.92,1.46,32011.385990901086
2025-10-28 20:00:00+00:00,2025,-1,2.92,1.46,32478.75222636824
2025-11-02 07:45:00+00:00,2025,1,-1.180644959903141,-0.5903224799515705,32287.02285076822
2025-11-03 02:15:00+00:00,2025,-1,2.92,1.46,32758.413384389434
2025-11-07 20:30:00+00:00,2025,1,-2.08,-1.04,32417.725885191787
2025-11-11 15:15:00+00:00,2025,-1,-1.3572053716137988,-0.6786026858068994,32197.73832665736
2025-11-12 12:00:00+00:00,2025,1,-1.684796025258859,-0.8423980126294295,31926.505218881975
2025-11-12 15:30:00+00:00,2025,-1,2.92,1.46,32392.63219507765
2025-11-23 12:15:00+00:00,2025,1,2.92,1.46,32865.564625125786
2025-11-30 23:45:00+00:00,2025,-1,2.92,1.46,33345.40186865262
2025-12-02 14:15:00+00:00,2025,1,2.92,1.46,33832.244735934946
2025-12-05 09:30:00+00:00,2025,-1,2.92,1.46,34326.1955090796
2025-12-07 17:15:00+00:00,2025,1,-0.892399291053123,-0.4461996455265615,34173.03214639533
2025-12-08 15:30:00+00:00,2025,-1,-1.730073345269365,-0.8650366726346825,33877.422886177774
2025-12-09 15:30:00+00:00,2025,1,-1.2389053153167828,-0.6194526576583914,33667.56828976317
2025-12-11 01:45:00+00:00,2025,-1,-1.2979352802939026,-0.6489676401469513,33449.07666633823
2025-12-11 21:00:00+00:00,2025,1,-1.8344505087841445,-0.9172252543920723,33142.273287793614
2025-12-12 15:30:00+00:00,2025,-1,2.92,1.46,33626.150477795396
2025-12-17 14:45:00+00:00,2025,1,-2.08,-1.04,33276.438512826324
2025-12-17 18:30:00+00:00,2025,-1,-2.08,-1.04,32930.36355229293
2025-12-18 13:30:00+00:00,2025,1,-2.08,-1.04,32587.887771349087
2025-12-18 17:15:00+00:00,2025,-1,-1.9298374127665863,-0.9649187063832931,32273.44114622815
2025-12-19 07:00:00+00:00,2025,1,-0.23809693509853952,-0.11904846754926976,32235.02010911815
2025-12-23 05:30:00+00:00,2025,-1,-0.4123304157549334,-0.2061652078774667,32168.562712900846
2025-12-25 15:30:00+00:00,2025,1,-1.2517315110668537,-0.6258657555334268,31967.230694833506
2025-12-25 23:30:00+00:00,2025,-1,-1.4093110383267193,-0.7046555191633597,31741.97183941868
2025-12-26 02:15:00+00:00,2025,1,-0.7958426966292208,-0.3979213483146104,31615.66375709362
2025-12-26 14:45:00+00:00,2025,-1,-0.8112432165084592,-0.4056216082542296,31487.42379330185
2025-12-29 00:30:00+00:00,2025,1,-0.5876637371538406,-0.2938318685769203,31394.903707603255
2025-12-29 11:30:00+00:00,2025,-1,-0.6018030573024279,-0.30090152865121395,31300.435962428503
2025-12-30 14:45:00+00:00,2025,1,-1.141786710555046,-0.570893355277523,31121.743853346103
2025-12-31 16:30:00+00:00,2025,-1,-1.1256042190164495,-0.5628021095082247,30946.590022423727
2026-01-01 22:00:00+00:00,2026,1,2.92,1.46,31398.41023675111
2026-01-06 17:45:00+00:00,2026,-1,-2.08,-1.04,31071.8667702889
2026-01-06 23:45:00+00:00,2026,1,-1.6494497801681751,-0.8247248900840876,30815.609351220563
2026-01-07 09:15:00+00:00,2026,-1,0.936842577060062,0.468421288530031,30959.956225611935
2026-01-11 14:45:00+00:00,2026,1,-0.7155215712798734,-0.3577607856399367,30849.193642985407
2026-01-12 10:45:00+00:00,2026,-1,-1.2721066081380883,-0.6360533040690441,30652.976327540542
2026-01-12 15:45:00+00:00,2026,1,2.92,1.46,31100.509781922632
2026-01-16 15:15:00+00:00,2026,-1,2.92,1.46,31554.5772247387
2026-01-23 17:15:00+00:00,2026,1,-2.08,-1.04,31226.40962160142
2026-01-25 03:15:00+00:00,2026,-1,2.92,1.46,31682.3152020768
2026-01-27 20:15:00+00:00,2026,1,-0.6799454595036923,-0.33997272975184617,31574.603970235716
2026-01-29 02:30:00+00:00,2026,-1,2.92,1.46,32035.593188201154
2026-02-06 17:15:00+00:00,2026,1,-2.08,-1.04,31702.42301904386
2026-02-09 10:30:00+00:00,2026,-1,-2.08,-1.04,31372.717819645804
2026-02-13 15:00:00+00:00,2026,1,2.92,1.46,31830.75949981263
2026-02-15 18:15:00+00:00,2026,-1,-1.3625695169022212,-0.6812847584511106,31613.90138684118
2026-02-16 12:45:00+00:00,2026,1,-2.08,-1.04,31285.116812418033
2026-02-16 15:30:00+00:00,2026,-1,-2.08,-1.04,30959.751597568888
2026-02-20 05:30:00+00:00,2026,1,-2.08,-1.04,30637.770180954172
2026-02-22 14:30:00+00:00,2026,-1,2.92,1.46,31085.0816255961
2026-02-25 01:00:00+00:00,2026,1,2.92,1.46,31538.9238173298
2026-02-27 11:30:00+00:00,2026,-1,2.92,1.46,31999.392105062812
2026-02-28 20:15:00+00:00,2026,1,-2.08,-1.04,31666.59842717016
2026-03-01 20:15:00+00:00,2026,-1,-2.08,-1.04,31337.265803527593
2026-03-02 15:00:00+00:00,2026,1,-2.08,-1.04,31011.358239170906
2026-03-06 12:00:00+00:00,2026,-1,2.92,1.46,31464.1240694628
2026-03-09 13:00:00+00:00,2026,1,2.92,1.46,31923.500280876953
2026-03-18 11:45:00+00:00,2026,-1,2.92,1.46,32389.583384977755
2026-03-23 11:00:00+00:00,2026,1,-2.08,-1.04,32052.73171777399
2026-03-24 17:00:00+00:00,2026,-1,-2.08,-1.04,31719.383307909142
2026-03-25 05:00:00+00:00,2026,1,-1.7665703500651642,-0.8832851750325821,31439.210697538623
2026-03-26 07:15:00+00:00,2026,-1,2.92,1.46,31898.223173722687
2026-03-30 04:00:00+00:00,2026,1,-1.5512952740482233,-0.7756476370241117,31650.80535942303
2026-03-30 19:15:00+00:00,2026,-1,-1.4629626723799838,-0.7314813361899919,31419.28562546503
2026-03-31 01:15:00+00:00,2026,1,-1.6646655743028793,-0.8323327871514397,31157.772609715525
2026-03-31 09:15:00+00:00,2026,-1,-2.08,-1.04,30833.731774574484
2026-03-31 17:00:00+00:00,2026,1,-1.38638917830459,-0.693194589152295,30619.994014279404
2026-04-02 01:30:00+00:00,2026,-1,-0.14211281892403166,-0.07105640946201583,30598.236545955373
2026-04-04 15:00:00+00:00,2026,1,-0.7423490004632359,-0.37117450023161797,30484.663694376235
2026-04-05 06:00:00+00:00,2026,-1,-0.5095994308032735,-0.25479971540163676,30406.98885804182
2026-04-05 15:15:00+00:00,2026,1,2.92,1.46,30850.930895369227
2026-04-07 14:00:00+00:00,2026,-1,-1.7167764874729352,-0.8583882437364676,30586.110131480116
2026-04-07 20:00:00+00:00,2026,1,2.92,1.46,31032.667339399723
2026-04-12 01:30:00+00:00,2026,-1,-0.435564111040918,-0.217782055520459,30965.08375858515
2026-04-13 14:45:00+00:00,2026,1,2.92,1.46,31417.17398146049
2026-04-19 07:00:00+00:00,2026,-1,-0.9563915541919908,-0.4781957770959954,31266.93838219825
2026-04-20 18:00:00+00:00,2026,1,-0.7309936737004062,-0.3654968368502031,31152.658711431413
2026-04-21 19:30:00+00:00,2026,-1,-2.08,-1.04,30828.671060832527
2026-04-22 02:00:00+00:00,2026,1,2.92,1.46,31278.769658320678
2026-04-27 15:00:00+00:00,2026,-1,0.07671630211592236,0.03835815105796118,31290.767616035293
2026-04-29 09:45:00+00:00,2026,1,-1.4525831287730862,-0.7262915643865431,31063.505410408234
2026-04-29 15:00:00+00:00,2026,-1,-0.6379417158839472,-0.3189708579419736,30964.421880693804
2026-05-01 03:15:00+00:00,2026,1,2.92,1.46,31416.502440151933
2026-05-07 14:15:00+00:00,2026,-1,-0.49695129098122676,-0.24847564549061338,31338.440082923193
2026-05-09 17:15:00+00:00,2026,1,-0.25876065878996707,-0.12938032939498353,31297.89430591666
2026-05-12 11:00:00+00:00,2026,-1,0.22095986829281605,0.11047993414640803,31332.47219893505
2026-05-14 14:45:00+00:00,2026,1,-1.2590509023285712,-0.6295254511642856,31135.226311963783
2026-05-15 13:30:00+00:00,2026,-1,2.92,1.46,31589.800616118453
2026-05-20 10:00:00+00:00,2026,1,-0.4699401876869102,-0.2349700938434551,31515.5740319658
2026-05-21 13:30:00+00:00,2026,-1,-1.063311720893254,-0.531655860446627,31348.01963567146
2026-05-21 17:15:00+00:00,2026,1,-1.2430860978814273,-0.6215430489407137,31153.178198645375
2026-05-22 14:15:00+00:00,2026,-1,2.92,1.46,31608.014600345596
2026-05-23 20:30:00+00:00,2026,1,-0.3061589179786583,-0.15307945898932915,31559.62922259812
2026-05-26 03:00:00+00:00,2026,-1,-0.9535136547759037,-0.47675682738795183,31409.166535581062
2026-05-26 10:30:00+00:00,2026,1,-1.3639328332875045,-0.6819664166437522,31194.966568060692
2026-05-26 16:00:00+00:00,2026,-1,2.92,1.46,31650.41307995438
2026-06-07 08:45:00+00:00,2026,1,-2.08,-1.04,31321.248783922852
2026-06-09 14:00:00+00:00,2026,-1,-1.3183261624633547,-0.6591630812316773,31114.79067535851
2026-06-11 06:15:00+00:00,2026,1,2.92,1.46,31569.066619218742
2026-06-17 08:30:00+00:00,2026,-1,-1.519243664969725,-0.7596218324848625,31329.261096867467
2026-06-17 16:15:00+00:00,2026,1,-2.08,-1.04,31003.43678146005
2026-06-17 19:15:00+00:00,2026,-1,2.92,1.46,31456.086958469365
2026-06-20 15:15:00+00:00,2026,1,-0.9572421961444343,-0.47862109807221714,31305.531489658188
2026-06-21 23:30:00+00:00,2026,-1,-0.9799116835268328,-0.4899558417634164,31152.148209329524
2026-06-22 01:15:00+00:00,2026,1,-1.372201602020482,-0.686100801010241,30938.413070933417
2026-06-23 04:45:00+00:00,2026,-1,2.92,1.46,31390.113901769044
